Build started 01-10-2026 22:21:49.
Logging verbosity is set to: Detailed.Process = "C:\Program Files\Microsoft Visual Studio\2022\Community\MSBuild\Current\Bin\MSBuild.exe"
MSBuild executable path = "C:\Program Files\Microsoft Visual Studio\2022\Community\MSBuild\Current\Bin\MSBuild.exe"
Command line arguments = ""C:\Program Files\Microsoft Visual Studio\2022\Community\MSBuild\Current\Bin\MSBuild.exe" "d:\.net Project\Stock_Forgeeee\Stock_Forgeeee.csproj" /t:Build /p:Configuration=Debug /fl /flp:logfile=build.log"
Current directory = "D:\.net Project\Stock_Forgeeee"
MSBuild version = "17.14.40+3e7442088"
Based on the Windows registry key LongPathsEnabled, the LongPaths feature is enabled.
Based on the Windows registry key VerifiedAndReputablePolicyState, SAC state = 0: turned off.
Some command line switches were read from the auto-response file "C:\Program Files\Microsoft Visual Studio\2022\Community\MSBuild\Current\Bin\MSBuild.rsp". To disable this file, use the "-noAutoResponse" switch.

Property reassignment: $(MSBuildExtensionsPath)="C:\Program Files\Microsoft Visual Studio\2022\Community\MSBuild" (previous value: "C:\Program Files (x86)\MSBuild") at 
Property reassignment: $(MSBuildExtensionsPath32)="C:\Program Files\Microsoft Visual Studio\2022\Community\MSBuild" (previous value: "C:\Program Files (x86)\MSBuild") at 
Search paths being used for $(MSBuildExtensionsPath) are C:\Program Files\Microsoft Visual Studio\2022\Community\MSBuild;$(MSBuildProgramFiles32)\MSBuild
Trying to import C:\Program Files\Microsoft Visual Studio\2022\Community\MSBuild\$(MSBuildToolsVersion)\Microsoft.Common.props using extensions path C:\Program Files\Microsoft Visual Studio\2022\Community\MSBuild
C:\Program Files\Microsoft Visual Studio\2022\Community\MSBuild\Current\Microsoft.Common.props(60,5): message : Property reassignment: $(MSBuildProjectExtensionsPath)="d:\.net Project\Stock_Forgeeee\obj\" (previous value: "obj\") at C:\Program Files\Microsoft Visual Studio\2022\Community\MSBuild\Current\Microsoft.Common.props (60,5)
C:\Program Files\Microsoft Visual Studio\2022\Community\MSBuild\Current\Microsoft.Common.props(84,119): message : Property 'MSBuildUserExtensionsPath' with value 'C:\Users\asus\AppData\Local\Microsoft\MSBuild' expanded from the environment.
Search paths being used for $(MSBuildExtensionsPath) are C:\Program Files\Microsoft Visual Studio\2022\Community\MSBuild;$(MSBuildProgramFiles32)\MSBuild
Trying to import C:\Program Files\Microsoft Visual Studio\2022\Community\MSBuild\$(MSBuildToolsVersion)\Imports\Microsoft.Common.props\ImportBefore\* using extensions path C:\Program Files\Microsoft Visual Studio\2022\Community\MSBuild
The "Configuration" property is a global property, and cannot be modified.
Search paths being used for $(MSBuildExtensionsPath) are C:\Program Files\Microsoft Visual Studio\2022\Community\MSBuild;$(MSBuildProgramFiles32)\MSBuild
Search paths being used for $(MSBuildExtensionsPath) are C:\Program Files\Microsoft Visual Studio\2022\Community\MSBuild;$(MSBuildProgramFiles32)\MSBuild
The "Configuration" property is a global property, and cannot be modified.
Search paths being used for $(MSBuildExtensionsPath) are C:\Program Files\Microsoft Visual Studio\2022\Community\MSBuild;$(MSBuildProgramFiles32)\MSBuild
C:\Program Files\Microsoft Visual Studio\2022\Community\MSBuild\Current\Bin\Roslyn\Microsoft.CSharp.Core.targets(200,5): message : Property reassignment: $(CommandLineArgsForDesignTimeEvaluation)="-langversion:7.3 -define:DEBUG;TRACE" (previous value: "-langversion:7.3") at C:\Program Files\Microsoft Visual Studio\2022\Community\MSBuild\Current\Bin\Roslyn\Microsoft.CSharp.Core.targets (200,5)
C:\Program Files\Microsoft Visual Studio\2022\Community\MSBuild\Microsoft\VisualStudio\Managed\Microsoft.Managed.DesignTime.targets(13,5): message : Property reassignment: $(DefineCommonItemSchemas)="false" (previous value: "true") at C:\Program Files\Microsoft Visual Studio\2022\Community\MSBuild\Microsoft\VisualStudio\Managed\Microsoft.Managed.DesignTime.targets (13,5)
C:\Program Files\Microsoft Visual Studio\2022\Community\MSBuild\Microsoft\VisualStudio\Managed\Microsoft.Managed.DesignTime.targets(14,5): message : Property reassignment: $(DefineCommonCapabilities)="false" (previous value: "true") at C:\Program Files\Microsoft Visual Studio\2022\Community\MSBuild\Microsoft\VisualStudio\Managed\Microsoft.Managed.DesignTime.targets (14,5)
C:\Program Files\Microsoft Visual Studio\2022\Community\MSBuild\Microsoft\VisualStudio\Managed\Microsoft.Managed.DesignTime.targets(15,5): message : Property reassignment: $(DefineCommonReferenceSchemas)="false" (previous value: "true") at C:\Program Files\Microsoft Visual Studio\2022\Community\MSBuild\Microsoft\VisualStudio\Managed\Microsoft.Managed.DesignTime.targets (15,5)
C:\Program Files\Microsoft Visual Studio\2022\Community\MSBuild\Microsoft\VisualStudio\Managed\Microsoft.Managed.DesignTime.targets(501,5): message : Property reassignment: $(CollectUpToDateCheckInputDesignTimeDependsOn)="CompileDesignTime;ResolveCodeAnalysisRuleSet" (previous value: "CompileDesignTime") at C:\Program Files\Microsoft Visual Studio\2022\Community\MSBuild\Microsoft\VisualStudio\Managed\Microsoft.Managed.DesignTime.targets (501,5)
Search paths being used for $(MSBuildExtensionsPath) are C:\Program Files\Microsoft Visual Studio\2022\Community\MSBuild;$(MSBuildProgramFiles32)\MSBuild
Search paths being used for $(MSBuildExtensionsPath) are C:\Program Files\Microsoft Visual Studio\2022\Community\MSBuild;$(MSBuildProgramFiles32)\MSBuild
Search paths being used for $(MSBuildExtensionsPath) are C:\Program Files\Microsoft Visual Studio\2022\Community\MSBuild;$(MSBuildProgramFiles32)\MSBuild
C:\Program Files\Microsoft Visual Studio\2022\Community\MSBuild\Current\Bin\Microsoft.NETFramework.CurrentVersion.props(117,5): message : Property reassignment: $(AvailablePlatforms)="Any CPU,x86,x64,ARM64" (previous value: "Any CPU,x86,x64") at C:\Program Files\Microsoft Visual Studio\2022\Community\MSBuild\Current\Bin\Microsoft.NETFramework.CurrentVersion.props (117,5)
Search paths being used for $(MSBuildExtensionsPath) are C:\Program Files\Microsoft Visual Studio\2022\Community\MSBuild;$(MSBuildProgramFiles32)\MSBuild
Assembly loaded during Evaluation: Microsoft.Build.Utilities.Core, Version=15.1.0.0, Culture=neutral, PublicKeyToken=b03f5f7f11d50a3a (location: C:\Program Files\Microsoft Visual Studio\2022\Community\MSBuild\Current\Bin\Microsoft.Build.Utilities.Core.dll, MVID: cc5ca8c7-aa5c-483f-9eca-6cefd7a56933, AppDomain: [Default])
The "Configuration" property is a global property, and cannot be modified.
C:\Program Files\Microsoft Visual Studio\2022\Community\MSBuild\Current\Bin\Microsoft.Common.CurrentVersion.targets(175,5): message : Property reassignment: $(_DebugSymbolsProduced)="true" (previous value: "false") at C:\Program Files\Microsoft Visual Studio\2022\Community\MSBuild\Current\Bin\Microsoft.Common.CurrentVersion.targets (175,5)
C:\Program Files\Microsoft Visual Studio\2022\Community\MSBuild\Current\Bin\Microsoft.Common.CurrentVersion.targets(185,5): message : Property reassignment: $(_DocumentationFileProduced)="false" (previous value: "true") at C:\Program Files\Microsoft Visual Studio\2022\Community\MSBuild\Current\Bin\Microsoft.Common.CurrentVersion.targets (185,5)
C:\Program Files\Microsoft Visual Studio\2022\Community\MSBuild\Current\Bin\Microsoft.Common.CurrentVersion.targets(392,5): message : Property reassignment: $(MSBuildCopyMarkerName)="Stock_Fo.1C662C9F" (previous value: "Stock_Forgeeee.csproj") at C:\Program Files\Microsoft Visual Studio\2022\Community\MSBuild\Current\Bin\Microsoft.Common.CurrentVersion.targets (392,5)
C:\Program Files\Microsoft Visual Studio\2022\Community\MSBuild\Current\Bin\Microsoft.Common.CurrentVersion.targets(393,5): message : Property reassignment: $(MSBuildCopyMarkerName)="Stock_Fo.1C662C9F.Up2Date" (previous value: "Stock_Fo.1C662C9F") at C:\Program Files\Microsoft Visual Studio\2022\Community\MSBuild\Current\Bin\Microsoft.Common.CurrentVersion.targets (393,5)
C:\Program Files\Microsoft Visual Studio\2022\Community\MSBuild\Current\Bin\Microsoft.Common.CurrentVersion.targets(541,5): message : Property reassignment: $(ProcessorArchitecture)="msil" (previous value: "") at C:\Program Files\Microsoft Visual Studio\2022\Community\MSBuild\Current\Bin\Microsoft.Common.CurrentVersion.targets (541,5)
C:\Program Files\Microsoft Visual Studio\2022\Community\MSBuild\Current\Bin\Microsoft.Common.CurrentVersion.targets(580,5): message : Property reassignment: $(DelaySign)="" (previous value: "false") at C:\Program Files\Microsoft Visual Studio\2022\Community\MSBuild\Current\Bin\Microsoft.Common.CurrentVersion.targets (580,5)
C:\Program Files\Microsoft Visual Studio\2022\Community\MSBuild\Current\Bin\Microsoft.Common.CurrentVersion.targets(649,5): message : Property reassignment: $(AssemblySearchPaths)="{CandidateAssemblyFiles};" (previous value: "{CandidateAssemblyFiles}") at C:\Program Files\Microsoft Visual Studio\2022\Community\MSBuild\Current\Bin\Microsoft.Common.CurrentVersion.targets (649,5)
C:\Program Files\Microsoft Visual Studio\2022\Community\MSBuild\Current\Bin\Microsoft.Common.CurrentVersion.targets(650,5): message : Property reassignment: $(AssemblySearchPaths)="{CandidateAssemblyFiles};;{HintPathFromItem}" (previous value: "{CandidateAssemblyFiles};") at C:\Program Files\Microsoft Visual Studio\2022\Community\MSBuild\Current\Bin\Microsoft.Common.CurrentVersion.targets (650,5)
C:\Program Files\Microsoft Visual Studio\2022\Community\MSBuild\Current\Bin\Microsoft.Common.CurrentVersion.targets(651,5): message : Property reassignment: $(AssemblySearchPaths)="{CandidateAssemblyFiles};;{HintPathFromItem};{TargetFrameworkDirectory}" (previous value: "{CandidateAssemblyFiles};;{HintPathFromItem}") at C:\Program Files\Microsoft Visual Studio\2022\Community\MSBuild\Current\Bin\Microsoft.Common.CurrentVersion.targets (651,5)
C:\Program Files\Microsoft Visual Studio\2022\Community\MSBuild\Current\Bin\Microsoft.Common.CurrentVersion.targets(652,5): message : Property reassignment: $(AssemblySearchPaths)="{CandidateAssemblyFiles};;{HintPathFromItem};{TargetFrameworkDirectory};{AssemblyFoldersFromConfig:C:\Program Files\Microsoft Visual Studio\2022\Community\MSBuild\Current\Bin\AssemblyFolders.config,v4.7.2};" (previous value: "{CandidateAssemblyFiles};;{HintPathFromItem};{TargetFrameworkDirectory}") at C:\Program Files\Microsoft Visual Studio\2022\Community\MSBuild\Current\Bin\Microsoft.Common.CurrentVersion.targets (652,5)
C:\Program Files\Microsoft Visual Studio\2022\Community\MSBuild\Current\Bin\Microsoft.Common.CurrentVersion.targets(653,5): message : Property reassignment: $(AssemblySearchPaths)="{CandidateAssemblyFiles};;{HintPathFromItem};{TargetFrameworkDirectory};{AssemblyFoldersFromConfig:C:\Program Files\Microsoft Visual Studio\2022\Community\MSBuild\Current\Bin\AssemblyFolders.config,v4.7.2};;{Registry:Software\Microsoft\.NETFramework,v4.7.2,AssemblyFoldersEx}" (previous value: "{CandidateAssemblyFiles};;{HintPathFromItem};{TargetFrameworkDirectory};{AssemblyFoldersFromConfig:C:\Program Files\Microsoft Visual Studio\2022\Community\MSBuild\Current\Bin\AssemblyFolders.config,v4.7.2};") at C:\Program Files\Microsoft Visual Studio\2022\Community\MSBuild\Current\Bin\Microsoft.Common.CurrentVersion.targets (653,5)
C:\Program Files\Microsoft Visual Studio\2022\Community\MSBuild\Current\Bin\Microsoft.Common.CurrentVersion.targets(654,5): message : Property reassignment: $(AssemblySearchPaths)="{CandidateAssemblyFiles};;{HintPathFromItem};{TargetFrameworkDirectory};{AssemblyFoldersFromConfig:C:\Program Files\Microsoft Visual Studio\2022\Community\MSBuild\Current\Bin\AssemblyFolders.config,v4.7.2};;{Registry:Software\Microsoft\.NETFramework,v4.7.2,AssemblyFoldersEx};{AssemblyFolders}" (previous value: "{CandidateAssemblyFiles};;{HintPathFromItem};{TargetFrameworkDirectory};{AssemblyFoldersFromConfig:C:\Program Files\Microsoft Visual Studio\2022\Community\MSBuild\Current\Bin\AssemblyFolders.config,v4.7.2};;{Registry:Software\Microsoft\.NETFramework,v4.7.2,AssemblyFoldersEx}") at C:\Program Files\Microsoft Visual Studio\2022\Community\MSBuild\Current\Bin\Microsoft.Common.CurrentVersion.targets (654,5)
C:\Program Files\Microsoft Visual Studio\2022\Community\MSBuild\Current\Bin\Microsoft.Common.CurrentVersion.targets(655,5): message : Property reassignment: $(AssemblySearchPaths)="{CandidateAssemblyFiles};;{HintPathFromItem};{TargetFrameworkDirectory};{AssemblyFoldersFromConfig:C:\Program Files\Microsoft Visual Studio\2022\Community\MSBuild\Current\Bin\AssemblyFolders.config,v4.7.2};;{Registry:Software\Microsoft\.NETFramework,v4.7.2,AssemblyFoldersEx};{AssemblyFolders};{GAC}" (previous value: "{CandidateAssemblyFiles};;{HintPathFromItem};{TargetFrameworkDirectory};{AssemblyFoldersFromConfig:C:\Program Files\Microsoft Visual Studio\2022\Community\MSBuild\Current\Bin\AssemblyFolders.config,v4.7.2};;{Registry:Software\Microsoft\.NETFramework,v4.7.2,AssemblyFoldersEx};{AssemblyFolders}") at C:\Program Files\Microsoft Visual Studio\2022\Community\MSBuild\Current\Bin\Microsoft.Common.CurrentVersion.targets (655,5)
C:\Program Files\Microsoft Visual Studio\2022\Community\MSBuild\Current\Bin\Microsoft.Common.CurrentVersion.targets(656,5): message : Property reassignment: $(AssemblySearchPaths)="{CandidateAssemblyFiles};;{HintPathFromItem};{TargetFrameworkDirectory};{AssemblyFoldersFromConfig:C:\Program Files\Microsoft Visual Studio\2022\Community\MSBuild\Current\Bin\AssemblyFolders.config,v4.7.2};;{Registry:Software\Microsoft\.NETFramework,v4.7.2,AssemblyFoldersEx};{AssemblyFolders};{GAC};{RawFileName}" (previous value: "{CandidateAssemblyFiles};;{HintPathFromItem};{TargetFrameworkDirectory};{AssemblyFoldersFromConfig:C:\Program Files\Microsoft Visual Studio\2022\Community\MSBuild\Current\Bin\AssemblyFolders.config,v4.7.2};;{Registry:Software\Microsoft\.NETFramework,v4.7.2,AssemblyFoldersEx};{AssemblyFolders};{GAC}") at C:\Program Files\Microsoft Visual Studio\2022\Community\MSBuild\Current\Bin\Microsoft.Common.CurrentVersion.targets (656,5)
C:\Program Files\Microsoft Visual Studio\2022\Community\MSBuild\Current\Bin\Microsoft.Common.CurrentVersion.targets(657,5): message : Property reassignment: $(AssemblySearchPaths)="{CandidateAssemblyFiles};;{HintPathFromItem};{TargetFrameworkDirectory};{AssemblyFoldersFromConfig:C:\Program Files\Microsoft Visual Studio\2022\Community\MSBuild\Current\Bin\AssemblyFolders.config,v4.7.2};;{Registry:Software\Microsoft\.NETFramework,v4.7.2,AssemblyFoldersEx};{AssemblyFolders};{GAC};{RawFileName};bin\" (previous value: "{CandidateAssemblyFiles};;{HintPathFromItem};{TargetFrameworkDirectory};{AssemblyFoldersFromConfig:C:\Program Files\Microsoft Visual Studio\2022\Community\MSBuild\Current\Bin\AssemblyFolders.config,v4.7.2};;{Registry:Software\Microsoft\.NETFramework,v4.7.2,AssemblyFoldersEx};{AssemblyFolders};{GAC};{RawFileName}") at C:\Program Files\Microsoft Visual Studio\2022\Community\MSBuild\Current\Bin\Microsoft.Common.CurrentVersion.targets (657,5)
C:\Program Files\Microsoft Visual Studio\2022\Community\MSBuild\Current\Bin\Microsoft.Common.CurrentVersion.targets(2619,5): message : Property 'LOCALAPPDATA' with value 'C:\Users\asus\AppData\Local' expanded from the environment.
C:\Program Files\Microsoft Visual Studio\2022\Community\MSBuild\Current\Bin\Microsoft.Common.CurrentVersion.targets(3947,5): message : Property reassignment: $(_SGenGenerateSerializationAssembliesConfig)="Auto" (previous value: "") at C:\Program Files\Microsoft Visual Studio\2022\Community\MSBuild\Current\Bin\Microsoft.Common.CurrentVersion.targets (3947,5)
C:\Program Files\Microsoft Visual Studio\2022\Community\MSBuild\Current\Bin\Microsoft.Common.CurrentVersion.targets(3948,5): message : Property reassignment: $(_SGenGenerateSerializationAssembliesConfig)="Off" (previous value: "Auto") at C:\Program Files\Microsoft Visual Studio\2022\Community\MSBuild\Current\Bin\Microsoft.Common.CurrentVersion.targets (3948,5)
C:\Program Files\Microsoft Visual Studio\2022\Community\MSBuild\Current\Bin\Microsoft.Common.CurrentVersion.targets(5159,5): message : Property reassignment: $(_TargetsThatPrepareProjectReferences)="
C:\Program Files\Microsoft Visual Studio\2022\Community\MSBuild\Current\Bin\Microsoft.Common.CurrentVersion.targets(5159,5): message :       AssignProjectConfiguration;
C:\Program Files\Microsoft Visual Studio\2022\Community\MSBuild\Current\Bin\Microsoft.Common.CurrentVersion.targets(5159,5): message :       _SplitProjectReferencesByFileExistence
C:\Program Files\Microsoft Visual Studio\2022\Community\MSBuild\Current\Bin\Microsoft.Common.CurrentVersion.targets(5159,5): message :     " (previous value: "_SplitProjectReferencesByFileExistence") at C:\Program Files\Microsoft Visual Studio\2022\Community\MSBuild\Current\Bin\Microsoft.Common.CurrentVersion.targets (5159,5)
C:\Program Files\Microsoft Visual Studio\2022\Community\MSBuild\Microsoft\VisualStudio\v17.0\CodeAnalysis\Microsoft.CodeAnalysis.targets(125,5): message : Property reassignment: $(_CodeAnalysisTreatWarningsAsErrors)="false" (previous value: "") at C:\Program Files\Microsoft Visual Studio\2022\Community\MSBuild\Microsoft\VisualStudio\v17.0\CodeAnalysis\Microsoft.CodeAnalysis.targets (125,5)
C:\Program Files\Microsoft Visual Studio\2022\Community\MSBuild\Microsoft\VisualStudio\v17.0\CodeAnalysis\Microsoft.CodeAnalysis.targets(167,9): message : Property reassignment: $(PrepareForRunDependsOn)="
C:\Program Files\Microsoft Visual Studio\2022\Community\MSBuild\Microsoft\VisualStudio\v17.0\CodeAnalysis\Microsoft.CodeAnalysis.targets(167,9): message :       CopyFilesToOutputDirectory
C:\Program Files\Microsoft Visual Studio\2022\Community\MSBuild\Microsoft\VisualStudio\v17.0\CodeAnalysis\Microsoft.CodeAnalysis.targets(167,9): message :     ;RunCodeAnalysis" (previous value: "
C:\Program Files\Microsoft Visual Studio\2022\Community\MSBuild\Microsoft\VisualStudio\v17.0\CodeAnalysis\Microsoft.CodeAnalysis.targets(167,9): message :       CopyFilesToOutputDirectory
C:\Program Files\Microsoft Visual Studio\2022\Community\MSBuild\Microsoft\VisualStudio\v17.0\CodeAnalysis\Microsoft.CodeAnalysis.targets(167,9): message :     ") at C:\Program Files\Microsoft Visual Studio\2022\Community\MSBuild\Microsoft\VisualStudio\v17.0\CodeAnalysis\Microsoft.CodeAnalysis.targets (167,9)
Search paths being used for $(MSBuildExtensionsPath) are C:\Program Files\Microsoft Visual Studio\2022\Community\MSBuild;$(MSBuildProgramFiles32)\MSBuild
C:\Program Files\Microsoft Visual Studio\2022\Community\MSBuild\Current\Bin\Microsoft.NETFramework.CurrentVersion.targets(74,5): message : Property reassignment: $(ResolveReferencesDependsOn)="
C:\Program Files\Microsoft Visual Studio\2022\Community\MSBuild\Current\Bin\Microsoft.NETFramework.CurrentVersion.targets(74,5): message :       
C:\Program Files\Microsoft Visual Studio\2022\Community\MSBuild\Current\Bin\Microsoft.NETFramework.CurrentVersion.targets(74,5): message :       BeforeResolveReferences;
C:\Program Files\Microsoft Visual Studio\2022\Community\MSBuild\Current\Bin\Microsoft.NETFramework.CurrentVersion.targets(74,5): message :       AssignProjectConfiguration;
C:\Program Files\Microsoft Visual Studio\2022\Community\MSBuild\Current\Bin\Microsoft.NETFramework.CurrentVersion.targets(74,5): message :       ResolveProjectReferences;
C:\Program Files\Microsoft Visual Studio\2022\Community\MSBuild\Current\Bin\Microsoft.NETFramework.CurrentVersion.targets(74,5): message :       FindInvalidProjectReferences;
C:\Program Files\Microsoft Visual Studio\2022\Community\MSBuild\Current\Bin\Microsoft.NETFramework.CurrentVersion.targets(74,5): message :       ResolveNativeReferences;
C:\Program Files\Microsoft Visual Studio\2022\Community\MSBuild\Current\Bin\Microsoft.NETFramework.CurrentVersion.targets(74,5): message :       ResolveAssemblyReferences;
C:\Program Files\Microsoft Visual Studio\2022\Community\MSBuild\Current\Bin\Microsoft.NETFramework.CurrentVersion.targets(74,5): message :       GenerateBindingRedirects;
C:\Program Files\Microsoft Visual Studio\2022\Community\MSBuild\Current\Bin\Microsoft.NETFramework.CurrentVersion.targets(74,5): message :       GenerateBindingRedirectsUpdateAppConfig;
C:\Program Files\Microsoft Visual Studio\2022\Community\MSBuild\Current\Bin\Microsoft.NETFramework.CurrentVersion.targets(74,5): message :       ResolveComReferences;
C:\Program Files\Microsoft Visual Studio\2022\Community\MSBuild\Current\Bin\Microsoft.NETFramework.CurrentVersion.targets(74,5): message :       AfterResolveReferences
C:\Program Files\Microsoft Visual Studio\2022\Community\MSBuild\Current\Bin\Microsoft.NETFramework.CurrentVersion.targets(74,5): message :     ;
C:\Program Files\Microsoft Visual Studio\2022\Community\MSBuild\Current\Bin\Microsoft.NETFramework.CurrentVersion.targets(74,5): message :       ImplicitlyExpandDesignTimeFacades
C:\Program Files\Microsoft Visual Studio\2022\Community\MSBuild\Current\Bin\Microsoft.NETFramework.CurrentVersion.targets(74,5): message :     " (previous value: "
C:\Program Files\Microsoft Visual Studio\2022\Community\MSBuild\Current\Bin\Microsoft.NETFramework.CurrentVersion.targets(74,5): message :       BeforeResolveReferences;
C:\Program Files\Microsoft Visual Studio\2022\Community\MSBuild\Current\Bin\Microsoft.NETFramework.CurrentVersion.targets(74,5): message :       AssignProjectConfiguration;
C:\Program Files\Microsoft Visual Studio\2022\Community\MSBuild\Current\Bin\Microsoft.NETFramework.CurrentVersion.targets(74,5): message :       ResolveProjectReferences;
C:\Program Files\Microsoft Visual Studio\2022\Community\MSBuild\Current\Bin\Microsoft.NETFramework.CurrentVersion.targets(74,5): message :       FindInvalidProjectReferences;
C:\Program Files\Microsoft Visual Studio\2022\Community\MSBuild\Current\Bin\Microsoft.NETFramework.CurrentVersion.targets(74,5): message :       ResolveNativeReferences;
C:\Program Files\Microsoft Visual Studio\2022\Community\MSBuild\Current\Bin\Microsoft.NETFramework.CurrentVersion.targets(74,5): message :       ResolveAssemblyReferences;
C:\Program Files\Microsoft Visual Studio\2022\Community\MSBuild\Current\Bin\Microsoft.NETFramework.CurrentVersion.targets(74,5): message :       GenerateBindingRedirects;
C:\Program Files\Microsoft Visual Studio\2022\Community\MSBuild\Current\Bin\Microsoft.NETFramework.CurrentVersion.targets(74,5): message :       GenerateBindingRedirectsUpdateAppConfig;
C:\Program Files\Microsoft Visual Studio\2022\Community\MSBuild\Current\Bin\Microsoft.NETFramework.CurrentVersion.targets(74,5): message :       ResolveComReferences;
C:\Program Files\Microsoft Visual Studio\2022\Community\MSBuild\Current\Bin\Microsoft.NETFramework.CurrentVersion.targets(74,5): message :       AfterResolveReferences
C:\Program Files\Microsoft Visual Studio\2022\Community\MSBuild\Current\Bin\Microsoft.NETFramework.CurrentVersion.targets(74,5): message :     ") at C:\Program Files\Microsoft Visual Studio\2022\Community\MSBuild\Current\Bin\Microsoft.NETFramework.CurrentVersion.targets (74,5)
C:\Windows\Microsoft.NET\Framework\v4.0.30319\Microsoft.WinFx.targets(97,7): message : Property reassignment: $(PrepareResourceNamesDependsOn)="
C:\Windows\Microsoft.NET\Framework\v4.0.30319\Microsoft.WinFx.targets(97,7): message :                     AssignWinFXEmbeddedResource;
C:\Windows\Microsoft.NET\Framework\v4.0.30319\Microsoft.WinFx.targets(97,7): message :                     
C:\Windows\Microsoft.NET\Framework\v4.0.30319\Microsoft.WinFx.targets(97,7): message :       AssignTargetPaths;
C:\Windows\Microsoft.NET\Framework\v4.0.30319\Microsoft.WinFx.targets(97,7): message :       SplitResourcesByCulture;
C:\Windows\Microsoft.NET\Framework\v4.0.30319\Microsoft.WinFx.targets(97,7): message :       CreateManifestResourceNames;
C:\Windows\Microsoft.NET\Framework\v4.0.30319\Microsoft.WinFx.targets(97,7): message :       CreateCustomManifestResourceNames
C:\Windows\Microsoft.NET\Framework\v4.0.30319\Microsoft.WinFx.targets(97,7): message :     
C:\Windows\Microsoft.NET\Framework\v4.0.30319\Microsoft.WinFx.targets(97,7): message :       " (previous value: "
C:\Windows\Microsoft.NET\Framework\v4.0.30319\Microsoft.WinFx.targets(97,7): message :       AssignTargetPaths;
C:\Windows\Microsoft.NET\Framework\v4.0.30319\Microsoft.WinFx.targets(97,7): message :       SplitResourcesByCulture;
C:\Windows\Microsoft.NET\Framework\v4.0.30319\Microsoft.WinFx.targets(97,7): message :       CreateManifestResourceNames;
C:\Windows\Microsoft.NET\Framework\v4.0.30319\Microsoft.WinFx.targets(97,7): message :       CreateCustomManifestResourceNames
C:\Windows\Microsoft.NET\Framework\v4.0.30319\Microsoft.WinFx.targets(97,7): message :     ") at C:\Windows\Microsoft.NET\Framework\v4.0.30319\Microsoft.WinFx.targets (97,7)
C:\Windows\Microsoft.NET\Framework\v4.0.30319\Microsoft.WinFx.targets(108,7): message : Property reassignment: $(PrepareResourcesDependsOn)="
C:\Windows\Microsoft.NET\Framework\v4.0.30319\Microsoft.WinFx.targets(108,7): message :                 MarkupCompilePass1;
C:\Windows\Microsoft.NET\Framework\v4.0.30319\Microsoft.WinFx.targets(108,7): message :                 AfterMarkupCompilePass1;
C:\Windows\Microsoft.NET\Framework\v4.0.30319\Microsoft.WinFx.targets(108,7): message :                 MarkupCompilePass2ForMainAssembly;
C:\Windows\Microsoft.NET\Framework\v4.0.30319\Microsoft.WinFx.targets(108,7): message :                 FileClassification;
C:\Windows\Microsoft.NET\Framework\v4.0.30319\Microsoft.WinFx.targets(108,7): message :                 MainResourcesGeneration;
C:\Windows\Microsoft.NET\Framework\v4.0.30319\Microsoft.WinFx.targets(108,7): message :                 
C:\Windows\Microsoft.NET\Framework\v4.0.30319\Microsoft.WinFx.targets(108,7): message :       ;
C:\Windows\Microsoft.NET\Framework\v4.0.30319\Microsoft.WinFx.targets(108,7): message :       PrepareResourceNames;
C:\Windows\Microsoft.NET\Framework\v4.0.30319\Microsoft.WinFx.targets(108,7): message :       ResGen;
C:\Windows\Microsoft.NET\Framework\v4.0.30319\Microsoft.WinFx.targets(108,7): message :       CompileLicxFiles
C:\Windows\Microsoft.NET\Framework\v4.0.30319\Microsoft.WinFx.targets(108,7): message :     
C:\Windows\Microsoft.NET\Framework\v4.0.30319\Microsoft.WinFx.targets(108,7): message :       " (previous value: "
C:\Windows\Microsoft.NET\Framework\v4.0.30319\Microsoft.WinFx.targets(108,7): message :       ;
C:\Windows\Microsoft.NET\Framework\v4.0.30319\Microsoft.WinFx.targets(108,7): message :       PrepareResourceNames;
C:\Windows\Microsoft.NET\Framework\v4.0.30319\Microsoft.WinFx.targets(108,7): message :       ResGen;
C:\Windows\Microsoft.NET\Framework\v4.0.30319\Microsoft.WinFx.targets(108,7): message :       CompileLicxFiles
C:\Windows\Microsoft.NET\Framework\v4.0.30319\Microsoft.WinFx.targets(108,7): message :     ") at C:\Windows\Microsoft.NET\Framework\v4.0.30319\Microsoft.WinFx.targets (108,7)
C:\Windows\Microsoft.NET\Framework\v4.0.30319\Microsoft.WinFx.targets(184,5): message : Property reassignment: $(CompileDependsOn)="
C:\Windows\Microsoft.NET\Framework\v4.0.30319\Microsoft.WinFx.targets(184,5): message :         
C:\Windows\Microsoft.NET\Framework\v4.0.30319\Microsoft.WinFx.targets(184,5): message :       ResolveReferences;
C:\Windows\Microsoft.NET\Framework\v4.0.30319\Microsoft.WinFx.targets(184,5): message :       ResolveKeySource;
C:\Windows\Microsoft.NET\Framework\v4.0.30319\Microsoft.WinFx.targets(184,5): message :       SetWin32ManifestProperties;
C:\Windows\Microsoft.NET\Framework\v4.0.30319\Microsoft.WinFx.targets(184,5): message :       _SetPreferNativeArm64Win32ManifestProperties;
C:\Windows\Microsoft.NET\Framework\v4.0.30319\Microsoft.WinFx.targets(184,5): message :       FindReferenceAssembliesForReferences;
C:\Windows\Microsoft.NET\Framework\v4.0.30319\Microsoft.WinFx.targets(184,5): message :       _GenerateCompileInputs;
C:\Windows\Microsoft.NET\Framework\v4.0.30319\Microsoft.WinFx.targets(184,5): message :       BeforeCompile;
C:\Windows\Microsoft.NET\Framework\v4.0.30319\Microsoft.WinFx.targets(184,5): message :       _TimeStampBeforeCompile;
C:\Windows\Microsoft.NET\Framework\v4.0.30319\Microsoft.WinFx.targets(184,5): message :       _GenerateCompileDependencyCache;
C:\Windows\Microsoft.NET\Framework\v4.0.30319\Microsoft.WinFx.targets(184,5): message :       CoreCompile;
C:\Windows\Microsoft.NET\Framework\v4.0.30319\Microsoft.WinFx.targets(184,5): message :       _TimeStampAfterCompile;
C:\Windows\Microsoft.NET\Framework\v4.0.30319\Microsoft.WinFx.targets(184,5): message :       AfterCompile;
C:\Windows\Microsoft.NET\Framework\v4.0.30319\Microsoft.WinFx.targets(184,5): message :     ;
C:\Windows\Microsoft.NET\Framework\v4.0.30319\Microsoft.WinFx.targets(184,5): message :         _AfterCompileWinFXInternal
C:\Windows\Microsoft.NET\Framework\v4.0.30319\Microsoft.WinFx.targets(184,5): message :     " (previous value: "
C:\Windows\Microsoft.NET\Framework\v4.0.30319\Microsoft.WinFx.targets(184,5): message :       ResolveReferences;
C:\Windows\Microsoft.NET\Framework\v4.0.30319\Microsoft.WinFx.targets(184,5): message :       ResolveKeySource;
C:\Windows\Microsoft.NET\Framework\v4.0.30319\Microsoft.WinFx.targets(184,5): message :       SetWin32ManifestProperties;
C:\Windows\Microsoft.NET\Framework\v4.0.30319\Microsoft.WinFx.targets(184,5): message :       _SetPreferNativeArm64Win32ManifestProperties;
C:\Windows\Microsoft.NET\Framework\v4.0.30319\Microsoft.WinFx.targets(184,5): message :       FindReferenceAssembliesForReferences;
C:\Windows\Microsoft.NET\Framework\v4.0.30319\Microsoft.WinFx.targets(184,5): message :       _GenerateCompileInputs;
C:\Windows\Microsoft.NET\Framework\v4.0.30319\Microsoft.WinFx.targets(184,5): message :       BeforeCompile;
C:\Windows\Microsoft.NET\Framework\v4.0.30319\Microsoft.WinFx.targets(184,5): message :       _TimeStampBeforeCompile;
C:\Windows\Microsoft.NET\Framework\v4.0.30319\Microsoft.WinFx.targets(184,5): message :       _GenerateCompileDependencyCache;
C:\Windows\Microsoft.NET\Framework\v4.0.30319\Microsoft.WinFx.targets(184,5): message :       CoreCompile;
C:\Windows\Microsoft.NET\Framework\v4.0.30319\Microsoft.WinFx.targets(184,5): message :       _TimeStampAfterCompile;
C:\Windows\Microsoft.NET\Framework\v4.0.30319\Microsoft.WinFx.targets(184,5): message :       AfterCompile;
C:\Windows\Microsoft.NET\Framework\v4.0.30319\Microsoft.WinFx.targets(184,5): message :     ") at C:\Windows\Microsoft.NET\Framework\v4.0.30319\Microsoft.WinFx.targets (184,5)
C:\Windows\Microsoft.NET\Framework\v4.0.30319\Microsoft.WinFx.targets(813,9): message : Property reassignment: $(PublishBuildDependsOn)="
C:\Windows\Microsoft.NET\Framework\v4.0.30319\Microsoft.WinFx.targets(813,9): message :             BuildOnlySettings;
C:\Windows\Microsoft.NET\Framework\v4.0.30319\Microsoft.WinFx.targets(813,9): message :             PrepareForBuild;
C:\Windows\Microsoft.NET\Framework\v4.0.30319\Microsoft.WinFx.targets(813,9): message :             ResolveReferences;
C:\Windows\Microsoft.NET\Framework\v4.0.30319\Microsoft.WinFx.targets(813,9): message :             PrepareResources;
C:\Windows\Microsoft.NET\Framework\v4.0.30319\Microsoft.WinFx.targets(813,9): message :             ResolveKeySource;
C:\Windows\Microsoft.NET\Framework\v4.0.30319\Microsoft.WinFx.targets(813,9): message :             PrepareResourcesForSatelliteAssemblies;
C:\Windows\Microsoft.NET\Framework\v4.0.30319\Microsoft.WinFx.targets(813,9): message :             GenerateSerializationAssemblies;
C:\Windows\Microsoft.NET\Framework\v4.0.30319\Microsoft.WinFx.targets(813,9): message :             CreateSatelliteAssemblies;
C:\Windows\Microsoft.NET\Framework\v4.0.30319\Microsoft.WinFx.targets(813,9): message :         " (previous value: "
C:\Windows\Microsoft.NET\Framework\v4.0.30319\Microsoft.WinFx.targets(813,9): message :       BuildOnlySettings;
C:\Windows\Microsoft.NET\Framework\v4.0.30319\Microsoft.WinFx.targets(813,9): message :       PrepareForBuild;
C:\Windows\Microsoft.NET\Framework\v4.0.30319\Microsoft.WinFx.targets(813,9): message :       ResolveReferences;
C:\Windows\Microsoft.NET\Framework\v4.0.30319\Microsoft.WinFx.targets(813,9): message :       PrepareResources;
C:\Windows\Microsoft.NET\Framework\v4.0.30319\Microsoft.WinFx.targets(813,9): message :       ResolveKeySource;
C:\Windows\Microsoft.NET\Framework\v4.0.30319\Microsoft.WinFx.targets(813,9): message :       GenerateSerializationAssemblies;
C:\Windows\Microsoft.NET\Framework\v4.0.30319\Microsoft.WinFx.targets(813,9): message :       CreateSatelliteAssemblies;
C:\Windows\Microsoft.NET\Framework\v4.0.30319\Microsoft.WinFx.targets(813,9): message :     ") at C:\Windows\Microsoft.NET\Framework\v4.0.30319\Microsoft.WinFx.targets (813,9)
C:\Windows\Microsoft.NET\Framework\v4.0.30319\Microsoft.Data.Entity.targets(35,5): message : Property reassignment: $(BuildDependsOn)="
C:\Windows\Microsoft.NET\Framework\v4.0.30319\Microsoft.Data.Entity.targets(35,5): message :       EntityDeploy;
C:\Windows\Microsoft.NET\Framework\v4.0.30319\Microsoft.Data.Entity.targets(35,5): message :       
C:\Windows\Microsoft.NET\Framework\v4.0.30319\Microsoft.Data.Entity.targets(35,5): message :       BeforeBuild;
C:\Windows\Microsoft.NET\Framework\v4.0.30319\Microsoft.Data.Entity.targets(35,5): message :       CoreBuild;
C:\Windows\Microsoft.NET\Framework\v4.0.30319\Microsoft.Data.Entity.targets(35,5): message :       AfterBuild
C:\Windows\Microsoft.NET\Framework\v4.0.30319\Microsoft.Data.Entity.targets(35,5): message :     
C:\Windows\Microsoft.NET\Framework\v4.0.30319\Microsoft.Data.Entity.targets(35,5): message :     " (previous value: "
C:\Windows\Microsoft.NET\Framework\v4.0.30319\Microsoft.Data.Entity.targets(35,5): message :       BeforeBuild;
C:\Windows\Microsoft.NET\Framework\v4.0.30319\Microsoft.Data.Entity.targets(35,5): message :       CoreBuild;
C:\Windows\Microsoft.NET\Framework\v4.0.30319\Microsoft.Data.Entity.targets(35,5): message :       AfterBuild
C:\Windows\Microsoft.NET\Framework\v4.0.30319\Microsoft.Data.Entity.targets(35,5): message :     ") at C:\Windows\Microsoft.NET\Framework\v4.0.30319\Microsoft.Data.Entity.targets (35,5)
C:\Windows\Microsoft.NET\Framework\v4.0.30319\Microsoft.Data.Entity.targets(42,5): message : Property reassignment: $(CleanDependsOn)="
C:\Windows\Microsoft.NET\Framework\v4.0.30319\Microsoft.Data.Entity.targets(42,5): message :       
C:\Windows\Microsoft.NET\Framework\v4.0.30319\Microsoft.Data.Entity.targets(42,5): message :       BeforeClean;
C:\Windows\Microsoft.NET\Framework\v4.0.30319\Microsoft.Data.Entity.targets(42,5): message :       UnmanagedUnregistration;
C:\Windows\Microsoft.NET\Framework\v4.0.30319\Microsoft.Data.Entity.targets(42,5): message :       CoreClean;
C:\Windows\Microsoft.NET\Framework\v4.0.30319\Microsoft.Data.Entity.targets(42,5): message :       CleanReferencedProjects;
C:\Windows\Microsoft.NET\Framework\v4.0.30319\Microsoft.Data.Entity.targets(42,5): message :       CleanPublishFolder;
C:\Windows\Microsoft.NET\Framework\v4.0.30319\Microsoft.Data.Entity.targets(42,5): message :       AfterClean
C:\Windows\Microsoft.NET\Framework\v4.0.30319\Microsoft.Data.Entity.targets(42,5): message :     ;
C:\Windows\Microsoft.NET\Framework\v4.0.30319\Microsoft.Data.Entity.targets(42,5): message :       EntityClean;
C:\Windows\Microsoft.NET\Framework\v4.0.30319\Microsoft.Data.Entity.targets(42,5): message :     " (previous value: "
C:\Windows\Microsoft.NET\Framework\v4.0.30319\Microsoft.Data.Entity.targets(42,5): message :       BeforeClean;
C:\Windows\Microsoft.NET\Framework\v4.0.30319\Microsoft.Data.Entity.targets(42,5): message :       UnmanagedUnregistration;
C:\Windows\Microsoft.NET\Framework\v4.0.30319\Microsoft.Data.Entity.targets(42,5): message :       CoreClean;
C:\Windows\Microsoft.NET\Framework\v4.0.30319\Microsoft.Data.Entity.targets(42,5): message :       CleanReferencedProjects;
C:\Windows\Microsoft.NET\Framework\v4.0.30319\Microsoft.Data.Entity.targets(42,5): message :       CleanPublishFolder;
C:\Windows\Microsoft.NET\Framework\v4.0.30319\Microsoft.Data.Entity.targets(42,5): message :       AfterClean
C:\Windows\Microsoft.NET\Framework\v4.0.30319\Microsoft.Data.Entity.targets(42,5): message :     ") at C:\Windows\Microsoft.NET\Framework\v4.0.30319\Microsoft.Data.Entity.targets (42,5)
Search paths being used for $(MSBuildExtensionsPath) are C:\Program Files\Microsoft Visual Studio\2022\Community\MSBuild;$(MSBuildProgramFiles32)\MSBuild
C:\Windows\Microsoft.NET\Framework\v4.0.30319\Microsoft.Xaml.targets(35,5): message : Property reassignment: $(PrepareResourcesDependsOn)="
C:\Windows\Microsoft.NET\Framework\v4.0.30319\Microsoft.Xaml.targets(35,5): message :       XamlMarkupCompilePass1;
C:\Windows\Microsoft.NET\Framework\v4.0.30319\Microsoft.Xaml.targets(35,5): message :       XamlMarkupCompilePass2;
C:\Windows\Microsoft.NET\Framework\v4.0.30319\Microsoft.Xaml.targets(35,5): message :       
C:\Windows\Microsoft.NET\Framework\v4.0.30319\Microsoft.Xaml.targets(35,5): message :                 MarkupCompilePass1;
C:\Windows\Microsoft.NET\Framework\v4.0.30319\Microsoft.Xaml.targets(35,5): message :                 AfterMarkupCompilePass1;
C:\Windows\Microsoft.NET\Framework\v4.0.30319\Microsoft.Xaml.targets(35,5): message :                 MarkupCompilePass2ForMainAssembly;
C:\Windows\Microsoft.NET\Framework\v4.0.30319\Microsoft.Xaml.targets(35,5): message :                 FileClassification;
C:\Windows\Microsoft.NET\Framework\v4.0.30319\Microsoft.Xaml.targets(35,5): message :                 MainResourcesGeneration;
C:\Windows\Microsoft.NET\Framework\v4.0.30319\Microsoft.Xaml.targets(35,5): message :                 
C:\Windows\Microsoft.NET\Framework\v4.0.30319\Microsoft.Xaml.targets(35,5): message :       ;
C:\Windows\Microsoft.NET\Framework\v4.0.30319\Microsoft.Xaml.targets(35,5): message :       PrepareResourceNames;
C:\Windows\Microsoft.NET\Framework\v4.0.30319\Microsoft.Xaml.targets(35,5): message :       ResGen;
C:\Windows\Microsoft.NET\Framework\v4.0.30319\Microsoft.Xaml.targets(35,5): message :       CompileLicxFiles
C:\Windows\Microsoft.NET\Framework\v4.0.30319\Microsoft.Xaml.targets(35,5): message :     
C:\Windows\Microsoft.NET\Framework\v4.0.30319\Microsoft.Xaml.targets(35,5): message :        
C:\Windows\Microsoft.NET\Framework\v4.0.30319\Microsoft.Xaml.targets(35,5): message :     " (previous value: "
C:\Windows\Microsoft.NET\Framework\v4.0.30319\Microsoft.Xaml.targets(35,5): message :                 MarkupCompilePass1;
C:\Windows\Microsoft.NET\Framework\v4.0.30319\Microsoft.Xaml.targets(35,5): message :                 AfterMarkupCompilePass1;
C:\Windows\Microsoft.NET\Framework\v4.0.30319\Microsoft.Xaml.targets(35,5): message :                 MarkupCompilePass2ForMainAssembly;
C:\Windows\Microsoft.NET\Framework\v4.0.30319\Microsoft.Xaml.targets(35,5): message :                 FileClassification;
C:\Windows\Microsoft.NET\Framework\v4.0.30319\Microsoft.Xaml.targets(35,5): message :                 MainResourcesGeneration;
C:\Windows\Microsoft.NET\Framework\v4.0.30319\Microsoft.Xaml.targets(35,5): message :                 
C:\Windows\Microsoft.NET\Framework\v4.0.30319\Microsoft.Xaml.targets(35,5): message :       ;
C:\Windows\Microsoft.NET\Framework\v4.0.30319\Microsoft.Xaml.targets(35,5): message :       PrepareResourceNames;
C:\Windows\Microsoft.NET\Framework\v4.0.30319\Microsoft.Xaml.targets(35,5): message :       ResGen;
C:\Windows\Microsoft.NET\Framework\v4.0.30319\Microsoft.Xaml.targets(35,5): message :       CompileLicxFiles
C:\Windows\Microsoft.NET\Framework\v4.0.30319\Microsoft.Xaml.targets(35,5): message :     
C:\Windows\Microsoft.NET\Framework\v4.0.30319\Microsoft.Xaml.targets(35,5): message :       ") at C:\Windows\Microsoft.NET\Framework\v4.0.30319\Microsoft.Xaml.targets (35,5)
C:\Windows\Microsoft.NET\Framework\v4.0.30319\Microsoft.WorkflowBuildExtensions.targets(16,5): message : Property reassignment: $(PrepareResourcesDependsOn)="
C:\Windows\Microsoft.NET\Framework\v4.0.30319\Microsoft.WorkflowBuildExtensions.targets(16,5): message :       ValidationExtension;
C:\Windows\Microsoft.NET\Framework\v4.0.30319\Microsoft.WorkflowBuildExtensions.targets(16,5): message :       ExpressionBuildExtension;
C:\Windows\Microsoft.NET\Framework\v4.0.30319\Microsoft.WorkflowBuildExtensions.targets(16,5): message :       
C:\Windows\Microsoft.NET\Framework\v4.0.30319\Microsoft.WorkflowBuildExtensions.targets(16,5): message :       XamlMarkupCompilePass1;
C:\Windows\Microsoft.NET\Framework\v4.0.30319\Microsoft.WorkflowBuildExtensions.targets(16,5): message :       XamlMarkupCompilePass2;
C:\Windows\Microsoft.NET\Framework\v4.0.30319\Microsoft.WorkflowBuildExtensions.targets(16,5): message :       
C:\Windows\Microsoft.NET\Framework\v4.0.30319\Microsoft.WorkflowBuildExtensions.targets(16,5): message :                 MarkupCompilePass1;
C:\Windows\Microsoft.NET\Framework\v4.0.30319\Microsoft.WorkflowBuildExtensions.targets(16,5): message :                 AfterMarkupCompilePass1;
C:\Windows\Microsoft.NET\Framework\v4.0.30319\Microsoft.WorkflowBuildExtensions.targets(16,5): message :                 MarkupCompilePass2ForMainAssembly;
C:\Windows\Microsoft.NET\Framework\v4.0.30319\Microsoft.WorkflowBuildExtensions.targets(16,5): message :                 FileClassification;
C:\Windows\Microsoft.NET\Framework\v4.0.30319\Microsoft.WorkflowBuildExtensions.targets(16,5): message :                 MainResourcesGeneration;
C:\Windows\Microsoft.NET\Framework\v4.0.30319\Microsoft.WorkflowBuildExtensions.targets(16,5): message :                 
C:\Windows\Microsoft.NET\Framework\v4.0.30319\Microsoft.WorkflowBuildExtensions.targets(16,5): message :       ;
C:\Windows\Microsoft.NET\Framework\v4.0.30319\Microsoft.WorkflowBuildExtensions.targets(16,5): message :       PrepareResourceNames;
C:\Windows\Microsoft.NET\Framework\v4.0.30319\Microsoft.WorkflowBuildExtensions.targets(16,5): message :       ResGen;
C:\Windows\Microsoft.NET\Framework\v4.0.30319\Microsoft.WorkflowBuildExtensions.targets(16,5): message :       CompileLicxFiles
C:\Windows\Microsoft.NET\Framework\v4.0.30319\Microsoft.WorkflowBuildExtensions.targets(16,5): message :     
C:\Windows\Microsoft.NET\Framework\v4.0.30319\Microsoft.WorkflowBuildExtensions.targets(16,5): message :        
C:\Windows\Microsoft.NET\Framework\v4.0.30319\Microsoft.WorkflowBuildExtensions.targets(16,5): message :     
C:\Windows\Microsoft.NET\Framework\v4.0.30319\Microsoft.WorkflowBuildExtensions.targets(16,5): message :     " (previous value: "
C:\Windows\Microsoft.NET\Framework\v4.0.30319\Microsoft.WorkflowBuildExtensions.targets(16,5): message :       XamlMarkupCompilePass1;
C:\Windows\Microsoft.NET\Framework\v4.0.30319\Microsoft.WorkflowBuildExtensions.targets(16,5): message :       XamlMarkupCompilePass2;
C:\Windows\Microsoft.NET\Framework\v4.0.30319\Microsoft.WorkflowBuildExtensions.targets(16,5): message :       
C:\Windows\Microsoft.NET\Framework\v4.0.30319\Microsoft.WorkflowBuildExtensions.targets(16,5): message :                 MarkupCompilePass1;
C:\Windows\Microsoft.NET\Framework\v4.0.30319\Microsoft.WorkflowBuildExtensions.targets(16,5): message :                 AfterMarkupCompilePass1;
C:\Windows\Microsoft.NET\Framework\v4.0.30319\Microsoft.WorkflowBuildExtensions.targets(16,5): message :                 MarkupCompilePass2ForMainAssembly;
C:\Windows\Microsoft.NET\Framework\v4.0.30319\Microsoft.WorkflowBuildExtensions.targets(16,5): message :                 FileClassification;
C:\Windows\Microsoft.NET\Framework\v4.0.30319\Microsoft.WorkflowBuildExtensions.targets(16,5): message :                 MainResourcesGeneration;
C:\Windows\Microsoft.NET\Framework\v4.0.30319\Microsoft.WorkflowBuildExtensions.targets(16,5): message :                 
C:\Windows\Microsoft.NET\Framework\v4.0.30319\Microsoft.WorkflowBuildExtensions.targets(16,5): message :       ;
C:\Windows\Microsoft.NET\Framework\v4.0.30319\Microsoft.WorkflowBuildExtensions.targets(16,5): message :       PrepareResourceNames;
C:\Windows\Microsoft.NET\Framework\v4.0.30319\Microsoft.WorkflowBuildExtensions.targets(16,5): message :       ResGen;
C:\Windows\Microsoft.NET\Framework\v4.0.30319\Microsoft.WorkflowBuildExtensions.targets(16,5): message :       CompileLicxFiles
C:\Windows\Microsoft.NET\Framework\v4.0.30319\Microsoft.WorkflowBuildExtensions.targets(16,5): message :     
C:\Windows\Microsoft.NET\Framework\v4.0.30319\Microsoft.WorkflowBuildExtensions.targets(16,5): message :        
C:\Windows\Microsoft.NET\Framework\v4.0.30319\Microsoft.WorkflowBuildExtensions.targets(16,5): message :     ") at C:\Windows\Microsoft.NET\Framework\v4.0.30319\Microsoft.WorkflowBuildExtensions.targets (16,5)
C:\Program Files\Microsoft Visual Studio\2022\Community\MSBuild\Microsoft\VisualStudio\v17.0\TeamTest\Microsoft.TeamTest.targets(4,5): message : Property reassignment: $(ResolveReferencesDependsOn)="
C:\Program Files\Microsoft Visual Studio\2022\Community\MSBuild\Microsoft\VisualStudio\v17.0\TeamTest\Microsoft.TeamTest.targets(4,5): message :       
C:\Program Files\Microsoft Visual Studio\2022\Community\MSBuild\Microsoft\VisualStudio\v17.0\TeamTest\Microsoft.TeamTest.targets(4,5): message :       
C:\Program Files\Microsoft Visual Studio\2022\Community\MSBuild\Microsoft\VisualStudio\v17.0\TeamTest\Microsoft.TeamTest.targets(4,5): message :       BeforeResolveReferences;
C:\Program Files\Microsoft Visual Studio\2022\Community\MSBuild\Microsoft\VisualStudio\v17.0\TeamTest\Microsoft.TeamTest.targets(4,5): message :       AssignProjectConfiguration;
C:\Program Files\Microsoft Visual Studio\2022\Community\MSBuild\Microsoft\VisualStudio\v17.0\TeamTest\Microsoft.TeamTest.targets(4,5): message :       ResolveProjectReferences;
C:\Program Files\Microsoft Visual Studio\2022\Community\MSBuild\Microsoft\VisualStudio\v17.0\TeamTest\Microsoft.TeamTest.targets(4,5): message :       FindInvalidProjectReferences;
C:\Program Files\Microsoft Visual Studio\2022\Community\MSBuild\Microsoft\VisualStudio\v17.0\TeamTest\Microsoft.TeamTest.targets(4,5): message :       ResolveNativeReferences;
C:\Program Files\Microsoft Visual Studio\2022\Community\MSBuild\Microsoft\VisualStudio\v17.0\TeamTest\Microsoft.TeamTest.targets(4,5): message :       ResolveAssemblyReferences;
C:\Program Files\Microsoft Visual Studio\2022\Community\MSBuild\Microsoft\VisualStudio\v17.0\TeamTest\Microsoft.TeamTest.targets(4,5): message :       GenerateBindingRedirects;
C:\Program Files\Microsoft Visual Studio\2022\Community\MSBuild\Microsoft\VisualStudio\v17.0\TeamTest\Microsoft.TeamTest.targets(4,5): message :       GenerateBindingRedirectsUpdateAppConfig;
C:\Program Files\Microsoft Visual Studio\2022\Community\MSBuild\Microsoft\VisualStudio\v17.0\TeamTest\Microsoft.TeamTest.targets(4,5): message :       ResolveComReferences;
C:\Program Files\Microsoft Visual Studio\2022\Community\MSBuild\Microsoft\VisualStudio\v17.0\TeamTest\Microsoft.TeamTest.targets(4,5): message :       AfterResolveReferences
C:\Program Files\Microsoft Visual Studio\2022\Community\MSBuild\Microsoft\VisualStudio\v17.0\TeamTest\Microsoft.TeamTest.targets(4,5): message :     ;
C:\Program Files\Microsoft Visual Studio\2022\Community\MSBuild\Microsoft\VisualStudio\v17.0\TeamTest\Microsoft.TeamTest.targets(4,5): message :       ImplicitlyExpandDesignTimeFacades
C:\Program Files\Microsoft Visual Studio\2022\Community\MSBuild\Microsoft\VisualStudio\v17.0\TeamTest\Microsoft.TeamTest.targets(4,5): message :     ;
C:\Program Files\Microsoft Visual Studio\2022\Community\MSBuild\Microsoft\VisualStudio\v17.0\TeamTest\Microsoft.TeamTest.targets(4,5): message :       ResolveTestReferences
C:\Program Files\Microsoft Visual Studio\2022\Community\MSBuild\Microsoft\VisualStudio\v17.0\TeamTest\Microsoft.TeamTest.targets(4,5): message :     " (previous value: "
C:\Program Files\Microsoft Visual Studio\2022\Community\MSBuild\Microsoft\VisualStudio\v17.0\TeamTest\Microsoft.TeamTest.targets(4,5): message :       
C:\Program Files\Microsoft Visual Studio\2022\Community\MSBuild\Microsoft\VisualStudio\v17.0\TeamTest\Microsoft.TeamTest.targets(4,5): message :       BeforeResolveReferences;
C:\Program Files\Microsoft Visual Studio\2022\Community\MSBuild\Microsoft\VisualStudio\v17.0\TeamTest\Microsoft.TeamTest.targets(4,5): message :       AssignProjectConfiguration;
C:\Program Files\Microsoft Visual Studio\2022\Community\MSBuild\Microsoft\VisualStudio\v17.0\TeamTest\Microsoft.TeamTest.targets(4,5): message :       ResolveProjectReferences;
C:\Program Files\Microsoft Visual Studio\2022\Community\MSBuild\Microsoft\VisualStudio\v17.0\TeamTest\Microsoft.TeamTest.targets(4,5): message :       FindInvalidProjectReferences;
C:\Program Files\Microsoft Visual Studio\2022\Community\MSBuild\Microsoft\VisualStudio\v17.0\TeamTest\Microsoft.TeamTest.targets(4,5): message :       ResolveNativeReferences;
C:\Program Files\Microsoft Visual Studio\2022\Community\MSBuild\Microsoft\VisualStudio\v17.0\TeamTest\Microsoft.TeamTest.targets(4,5): message :       ResolveAssemblyReferences;
C:\Program Files\Microsoft Visual Studio\2022\Community\MSBuild\Microsoft\VisualStudio\v17.0\TeamTest\Microsoft.TeamTest.targets(4,5): message :       GenerateBindingRedirects;
C:\Program Files\Microsoft Visual Studio\2022\Community\MSBuild\Microsoft\VisualStudio\v17.0\TeamTest\Microsoft.TeamTest.targets(4,5): message :       GenerateBindingRedirectsUpdateAppConfig;
C:\Program Files\Microsoft Visual Studio\2022\Community\MSBuild\Microsoft\VisualStudio\v17.0\TeamTest\Microsoft.TeamTest.targets(4,5): message :       ResolveComReferences;
C:\Program Files\Microsoft Visual Studio\2022\Community\MSBuild\Microsoft\VisualStudio\v17.0\TeamTest\Microsoft.TeamTest.targets(4,5): message :       AfterResolveReferences
C:\Program Files\Microsoft Visual Studio\2022\Community\MSBuild\Microsoft\VisualStudio\v17.0\TeamTest\Microsoft.TeamTest.targets(4,5): message :     ;
C:\Program Files\Microsoft Visual Studio\2022\Community\MSBuild\Microsoft\VisualStudio\v17.0\TeamTest\Microsoft.TeamTest.targets(4,5): message :       ImplicitlyExpandDesignTimeFacades
C:\Program Files\Microsoft Visual Studio\2022\Community\MSBuild\Microsoft\VisualStudio\v17.0\TeamTest\Microsoft.TeamTest.targets(4,5): message :     ") at C:\Program Files\Microsoft Visual Studio\2022\Community\MSBuild\Microsoft\VisualStudio\v17.0\TeamTest\Microsoft.TeamTest.targets (4,5)
Search paths being used for $(MSBuildExtensionsPath) are C:\Program Files\Microsoft Visual Studio\2022\Community\MSBuild;$(MSBuildProgramFiles32)\MSBuild
Trying to import C:\Program Files\Microsoft Visual Studio\2022\Community\MSBuild\$(MSBuildToolsVersion)\Microsoft.Common.targets\ImportAfter\* using extensions path C:\Program Files\Microsoft Visual Studio\2022\Community\MSBuild
Search paths being used for $(MSBuildExtensionsPath) are C:\Program Files\Microsoft Visual Studio\2022\Community\MSBuild;$(MSBuildProgramFiles32)\MSBuild
Trying to import C:\Program Files\Microsoft Visual Studio\2022\Community\MSBuild\Sdks\Microsoft.Docker.Sdk\build\Microsoft.Docker.targets using extensions path C:\Program Files\Microsoft Visual Studio\2022\Community\MSBuild
C:\Program Files\Microsoft Visual Studio\2022\Community\MSBuild\Microsoft\NuGet\17.0\Microsoft.NuGet.targets(74,5): message : Property reassignment: $(ProjectLockFile)="obj\project.assets.json" (previous value: "d:\.net Project\Stock_Forgeeee\obj\project.assets.json") at C:\Program Files\Microsoft Visual Studio\2022\Community\MSBuild\Microsoft\NuGet\17.0\Microsoft.NuGet.targets (74,5)
C:\Program Files\Microsoft Visual Studio\2022\Community\MSBuild\Microsoft\NuGet\17.0\Microsoft.NuGet.targets(185,5): message : Property reassignment: $(ResolveAssemblyReferencesDependsOn)="
C:\Program Files\Microsoft Visual Studio\2022\Community\MSBuild\Microsoft\NuGet\17.0\Microsoft.NuGet.targets(185,5): message :       ResolveProjectReferences;
C:\Program Files\Microsoft Visual Studio\2022\Community\MSBuild\Microsoft\NuGet\17.0\Microsoft.NuGet.targets(185,5): message :       FindInvalidProjectReferences;
C:\Program Files\Microsoft Visual Studio\2022\Community\MSBuild\Microsoft\NuGet\17.0\Microsoft.NuGet.targets(185,5): message :       GetFrameworkPaths;
C:\Program Files\Microsoft Visual Studio\2022\Community\MSBuild\Microsoft\NuGet\17.0\Microsoft.NuGet.targets(185,5): message :       GetReferenceAssemblyPaths;
C:\Program Files\Microsoft Visual Studio\2022\Community\MSBuild\Microsoft\NuGet\17.0\Microsoft.NuGet.targets(185,5): message :       PrepareForBuild;
C:\Program Files\Microsoft Visual Studio\2022\Community\MSBuild\Microsoft\NuGet\17.0\Microsoft.NuGet.targets(185,5): message :       ResolveSDKReferences;
C:\Program Files\Microsoft Visual Studio\2022\Community\MSBuild\Microsoft\NuGet\17.0\Microsoft.NuGet.targets(185,5): message :       ExpandSDKReferences;
C:\Program Files\Microsoft Visual Studio\2022\Community\MSBuild\Microsoft\NuGet\17.0\Microsoft.NuGet.targets(185,5): message :     ;ResolveNuGetPackageAssets" (previous value: "
C:\Program Files\Microsoft Visual Studio\2022\Community\MSBuild\Microsoft\NuGet\17.0\Microsoft.NuGet.targets(185,5): message :       ResolveProjectReferences;
C:\Program Files\Microsoft Visual Studio\2022\Community\MSBuild\Microsoft\NuGet\17.0\Microsoft.NuGet.targets(185,5): message :       FindInvalidProjectReferences;
C:\Program Files\Microsoft Visual Studio\2022\Community\MSBuild\Microsoft\NuGet\17.0\Microsoft.NuGet.targets(185,5): message :       GetFrameworkPaths;
C:\Program Files\Microsoft Visual Studio\2022\Community\MSBuild\Microsoft\NuGet\17.0\Microsoft.NuGet.targets(185,5): message :       GetReferenceAssemblyPaths;
C:\Program Files\Microsoft Visual Studio\2022\Community\MSBuild\Microsoft\NuGet\17.0\Microsoft.NuGet.targets(185,5): message :       PrepareForBuild;
C:\Program Files\Microsoft Visual Studio\2022\Community\MSBuild\Microsoft\NuGet\17.0\Microsoft.NuGet.targets(185,5): message :       ResolveSDKReferences;
C:\Program Files\Microsoft Visual Studio\2022\Community\MSBuild\Microsoft\NuGet\17.0\Microsoft.NuGet.targets(185,5): message :       ExpandSDKReferences;
C:\Program Files\Microsoft Visual Studio\2022\Community\MSBuild\Microsoft\NuGet\17.0\Microsoft.NuGet.targets(185,5): message :     ") at C:\Program Files\Microsoft Visual Studio\2022\Community\MSBuild\Microsoft\NuGet\17.0\Microsoft.NuGet.targets (185,5)
C:\Program Files\Microsoft Visual Studio\2022\Community\MSBuild\Microsoft\NuGet\17.0\Microsoft.NuGet.targets(186,5): message : Property reassignment: $(PrepareResourcesDependsOn)="ResolveNuGetPackageAssets;
C:\Program Files\Microsoft Visual Studio\2022\Community\MSBuild\Microsoft\NuGet\17.0\Microsoft.NuGet.targets(186,5): message :       ValidationExtension;
C:\Program Files\Microsoft Visual Studio\2022\Community\MSBuild\Microsoft\NuGet\17.0\Microsoft.NuGet.targets(186,5): message :       ExpressionBuildExtension;
C:\Program Files\Microsoft Visual Studio\2022\Community\MSBuild\Microsoft\NuGet\17.0\Microsoft.NuGet.targets(186,5): message :       
C:\Program Files\Microsoft Visual Studio\2022\Community\MSBuild\Microsoft\NuGet\17.0\Microsoft.NuGet.targets(186,5): message :       XamlMarkupCompilePass1;
C:\Program Files\Microsoft Visual Studio\2022\Community\MSBuild\Microsoft\NuGet\17.0\Microsoft.NuGet.targets(186,5): message :       XamlMarkupCompilePass2;
C:\Program Files\Microsoft Visual Studio\2022\Community\MSBuild\Microsoft\NuGet\17.0\Microsoft.NuGet.targets(186,5): message :       
C:\Program Files\Microsoft Visual Studio\2022\Community\MSBuild\Microsoft\NuGet\17.0\Microsoft.NuGet.targets(186,5): message :                 MarkupCompilePass1;
C:\Program Files\Microsoft Visual Studio\2022\Community\MSBuild\Microsoft\NuGet\17.0\Microsoft.NuGet.targets(186,5): message :                 AfterMarkupCompilePass1;
C:\Program Files\Microsoft Visual Studio\2022\Community\MSBuild\Microsoft\NuGet\17.0\Microsoft.NuGet.targets(186,5): message :                 MarkupCompilePass2ForMainAssembly;
C:\Program Files\Microsoft Visual Studio\2022\Community\MSBuild\Microsoft\NuGet\17.0\Microsoft.NuGet.targets(186,5): message :                 FileClassification;
C:\Program Files\Microsoft Visual Studio\2022\Community\MSBuild\Microsoft\NuGet\17.0\Microsoft.NuGet.targets(186,5): message :                 MainResourcesGeneration;
C:\Program Files\Microsoft Visual Studio\2022\Community\MSBuild\Microsoft\NuGet\17.0\Microsoft.NuGet.targets(186,5): message :                 
C:\Program Files\Microsoft Visual Studio\2022\Community\MSBuild\Microsoft\NuGet\17.0\Microsoft.NuGet.targets(186,5): message :       ;
C:\Program Files\Microsoft Visual Studio\2022\Community\MSBuild\Microsoft\NuGet\17.0\Microsoft.NuGet.targets(186,5): message :       PrepareResourceNames;
C:\Program Files\Microsoft Visual Studio\2022\Community\MSBuild\Microsoft\NuGet\17.0\Microsoft.NuGet.targets(186,5): message :       ResGen;
C:\Program Files\Microsoft Visual Studio\2022\Community\MSBuild\Microsoft\NuGet\17.0\Microsoft.NuGet.targets(186,5): message :       CompileLicxFiles
C:\Program Files\Microsoft Visual Studio\2022\Community\MSBuild\Microsoft\NuGet\17.0\Microsoft.NuGet.targets(186,5): message :     
C:\Program Files\Microsoft Visual Studio\2022\Community\MSBuild\Microsoft\NuGet\17.0\Microsoft.NuGet.targets(186,5): message :        
C:\Program Files\Microsoft Visual Studio\2022\Community\MSBuild\Microsoft\NuGet\17.0\Microsoft.NuGet.targets(186,5): message :     
C:\Program Files\Microsoft Visual Studio\2022\Community\MSBuild\Microsoft\NuGet\17.0\Microsoft.NuGet.targets(186,5): message :     " (previous value: "
C:\Program Files\Microsoft Visual Studio\2022\Community\MSBuild\Microsoft\NuGet\17.0\Microsoft.NuGet.targets(186,5): message :       ValidationExtension;
C:\Program Files\Microsoft Visual Studio\2022\Community\MSBuild\Microsoft\NuGet\17.0\Microsoft.NuGet.targets(186,5): message :       ExpressionBuildExtension;
C:\Program Files\Microsoft Visual Studio\2022\Community\MSBuild\Microsoft\NuGet\17.0\Microsoft.NuGet.targets(186,5): message :       
C:\Program Files\Microsoft Visual Studio\2022\Community\MSBuild\Microsoft\NuGet\17.0\Microsoft.NuGet.targets(186,5): message :       XamlMarkupCompilePass1;
C:\Program Files\Microsoft Visual Studio\2022\Community\MSBuild\Microsoft\NuGet\17.0\Microsoft.NuGet.targets(186,5): message :       XamlMarkupCompilePass2;
C:\Program Files\Microsoft Visual Studio\2022\Community\MSBuild\Microsoft\NuGet\17.0\Microsoft.NuGet.targets(186,5): message :       
C:\Program Files\Microsoft Visual Studio\2022\Community\MSBuild\Microsoft\NuGet\17.0\Microsoft.NuGet.targets(186,5): message :                 MarkupCompilePass1;
C:\Program Files\Microsoft Visual Studio\2022\Community\MSBuild\Microsoft\NuGet\17.0\Microsoft.NuGet.targets(186,5): message :                 AfterMarkupCompilePass1;
C:\Program Files\Microsoft Visual Studio\2022\Community\MSBuild\Microsoft\NuGet\17.0\Microsoft.NuGet.targets(186,5): message :                 MarkupCompilePass2ForMainAssembly;
C:\Program Files\Microsoft Visual Studio\2022\Community\MSBuild\Microsoft\NuGet\17.0\Microsoft.NuGet.targets(186,5): message :                 FileClassification;
C:\Program Files\Microsoft Visual Studio\2022\Community\MSBuild\Microsoft\NuGet\17.0\Microsoft.NuGet.targets(186,5): message :                 MainResourcesGeneration;
C:\Program Files\Microsoft Visual Studio\2022\Community\MSBuild\Microsoft\NuGet\17.0\Microsoft.NuGet.targets(186,5): message :                 
C:\Program Files\Microsoft Visual Studio\2022\Community\MSBuild\Microsoft\NuGet\17.0\Microsoft.NuGet.targets(186,5): message :       ;
C:\Program Files\Microsoft Visual Studio\2022\Community\MSBuild\Microsoft\NuGet\17.0\Microsoft.NuGet.targets(186,5): message :       PrepareResourceNames;
C:\Program Files\Microsoft Visual Studio\2022\Community\MSBuild\Microsoft\NuGet\17.0\Microsoft.NuGet.targets(186,5): message :       ResGen;
C:\Program Files\Microsoft Visual Studio\2022\Community\MSBuild\Microsoft\NuGet\17.0\Microsoft.NuGet.targets(186,5): message :       CompileLicxFiles
C:\Program Files\Microsoft Visual Studio\2022\Community\MSBuild\Microsoft\NuGet\17.0\Microsoft.NuGet.targets(186,5): message :     
C:\Program Files\Microsoft Visual Studio\2022\Community\MSBuild\Microsoft\NuGet\17.0\Microsoft.NuGet.targets(186,5): message :        
C:\Program Files\Microsoft Visual Studio\2022\Community\MSBuild\Microsoft\NuGet\17.0\Microsoft.NuGet.targets(186,5): message :     
C:\Program Files\Microsoft Visual Studio\2022\Community\MSBuild\Microsoft\NuGet\17.0\Microsoft.NuGet.targets(186,5): message :     ") at C:\Program Files\Microsoft Visual Studio\2022\Community\MSBuild\Microsoft\NuGet\17.0\Microsoft.NuGet.targets (186,5)
C:\Program Files\Microsoft Visual Studio\2022\Community\MSBuild\Microsoft\NuGet\17.0\Microsoft.NuGet.targets(267,5): message : Property reassignment: $(_HandlePackageFileConflictsAfter)="ResolveNuGetPackageAssets;ResolveNuGetPackageAssetsNonAOT" (previous value: "ResolveNuGetPackageAssets") at C:\Program Files\Microsoft Visual Studio\2022\Community\MSBuild\Microsoft\NuGet\17.0\Microsoft.NuGet.targets (267,5)
Search paths being used for $(MSBuildExtensionsPath) are C:\Program Files\Microsoft Visual Studio\2022\Community\MSBuild;$(MSBuildProgramFiles32)\MSBuild
Search paths being used for $(MSBuildExtensionsPath) are C:\Program Files\Microsoft Visual Studio\2022\Community\MSBuild;$(MSBuildProgramFiles32)\MSBuild
Trying to import C:\Program Files\Microsoft Visual Studio\2022\Community\MSBuild\Microsoft\VisualStudio\WebTools.Aspire\Microsoft.WebTools.Aspire.targets using extensions path C:\Program Files\Microsoft Visual Studio\2022\Community\MSBuild
C:\Program Files\Microsoft Visual Studio\2022\Community\MSBuild\Microsoft\VisualStudio\WebTools.Aspire\Microsoft.WebTools.Aspire.targets(25,5): message : Property reassignment: $(JsonSchemaCombinedFilePath)="d:\.net Project\Stock_Forgeeee\obj\Debug\CombinedComponentSchema.json" (previous value: "obj\Debug\\CombinedComponentSchema.json") at C:\Program Files\Microsoft Visual Studio\2022\Community\MSBuild\Microsoft\VisualStudio\WebTools.Aspire\Microsoft.WebTools.Aspire.targets (25,5)
C:\Program Files\Microsoft Visual Studio\2022\Community\MSBuild\Microsoft\VisualStudio\WebTools.Aspire\Microsoft.WebTools.Aspire.targets(27,5): message : Property reassignment: $(AppSettingsJsonSchemaCombinedFilePath)="d:\.net Project\Stock_Forgeeee\obj\Debug\AppSettingsSchema.json" (previous value: "obj\Debug\\AppSettingsSchema.json") at C:\Program Files\Microsoft Visual Studio\2022\Community\MSBuild\Microsoft\VisualStudio\WebTools.Aspire\Microsoft.WebTools.Aspire.targets (27,5)
Search paths being used for $(MSBuildExtensionsPath) are C:\Program Files\Microsoft Visual Studio\2022\Community\MSBuild;$(MSBuildProgramFiles32)\MSBuild
Search paths being used for $(VSToolsPath) are C:\Program Files\Microsoft Visual Studio\2022\Community\MSBuild\Microsoft\VisualStudio\v17.0;$(MSBuildProgramFiles32)\MSBuild\Microsoft\VisualStudio\v$(VisualStudioVersion)
Trying to import C:\Program Files\Microsoft Visual Studio\2022\Community\MSBuild\Microsoft\VisualStudio\v17.0\WebApplications\Microsoft.WebApplication.targets using extensions path C:\Program Files\Microsoft Visual Studio\2022\Community\MSBuild\Microsoft\VisualStudio\v17.0
C:\Program Files\Microsoft Visual Studio\2022\Community\MSBuild\Microsoft\VisualStudio\v17.0\WebApplications\Microsoft.WebApplication.targets(27,5): message : Property reassignment: $(CleanWebProjectOutputDir)="False" (previous value: "True") at C:\Program Files\Microsoft Visual Studio\2022\Community\MSBuild\Microsoft\VisualStudio\v17.0\WebApplications\Microsoft.WebApplication.targets (27,5)
C:\Program Files\Microsoft Visual Studio\2022\Community\MSBuild\Microsoft\VisualStudio\v17.0\WebApplications\Microsoft.WebApplication.targets(37,5): message : Property reassignment: $(PrepareForRunDependsOn)="
C:\Program Files\Microsoft Visual Studio\2022\Community\MSBuild\Microsoft\VisualStudio\v17.0\WebApplications\Microsoft.WebApplication.targets(37,5): message :       
C:\Program Files\Microsoft Visual Studio\2022\Community\MSBuild\Microsoft\VisualStudio\v17.0\WebApplications\Microsoft.WebApplication.targets(37,5): message :       CopyFilesToOutputDirectory
C:\Program Files\Microsoft Visual Studio\2022\Community\MSBuild\Microsoft\VisualStudio\v17.0\WebApplications\Microsoft.WebApplication.targets(37,5): message :     ;RunCodeAnalysis;
C:\Program Files\Microsoft Visual Studio\2022\Community\MSBuild\Microsoft\VisualStudio\v17.0\WebApplications\Microsoft.WebApplication.targets(37,5): message :       CopySilverlightApplications;
C:\Program Files\Microsoft Visual Studio\2022\Community\MSBuild\Microsoft\VisualStudio\v17.0\WebApplications\Microsoft.WebApplication.targets(37,5): message :       _CopyBinDeployableAssemblies;
C:\Program Files\Microsoft Visual Studio\2022\Community\MSBuild\Microsoft\VisualStudio\v17.0\WebApplications\Microsoft.WebApplication.targets(37,5): message :     " (previous value: "
C:\Program Files\Microsoft Visual Studio\2022\Community\MSBuild\Microsoft\VisualStudio\v17.0\WebApplications\Microsoft.WebApplication.targets(37,5): message :       CopyFilesToOutputDirectory
C:\Program Files\Microsoft Visual Studio\2022\Community\MSBuild\Microsoft\VisualStudio\v17.0\WebApplications\Microsoft.WebApplication.targets(37,5): message :     ;RunCodeAnalysis") at C:\Program Files\Microsoft Visual Studio\2022\Community\MSBuild\Microsoft\VisualStudio\v17.0\WebApplications\Microsoft.WebApplication.targets (37,5)
C:\Program Files\Microsoft Visual Studio\2022\Community\MSBuild\Microsoft\VisualStudio\v17.0\WebApplications\Microsoft.WebApplication.targets(42,5): message : Property reassignment: $(PrepareForRunDependsOn)="
C:\Program Files\Microsoft Visual Studio\2022\Community\MSBuild\Microsoft\VisualStudio\v17.0\WebApplications\Microsoft.WebApplication.targets(42,5): message :       
C:\Program Files\Microsoft Visual Studio\2022\Community\MSBuild\Microsoft\VisualStudio\v17.0\WebApplications\Microsoft.WebApplication.targets(42,5): message :       
C:\Program Files\Microsoft Visual Studio\2022\Community\MSBuild\Microsoft\VisualStudio\v17.0\WebApplications\Microsoft.WebApplication.targets(42,5): message :       CopyFilesToOutputDirectory
C:\Program Files\Microsoft Visual Studio\2022\Community\MSBuild\Microsoft\VisualStudio\v17.0\WebApplications\Microsoft.WebApplication.targets(42,5): message :     ;RunCodeAnalysis;
C:\Program Files\Microsoft Visual Studio\2022\Community\MSBuild\Microsoft\VisualStudio\v17.0\WebApplications\Microsoft.WebApplication.targets(42,5): message :       CopySilverlightApplications;
C:\Program Files\Microsoft Visual Studio\2022\Community\MSBuild\Microsoft\VisualStudio\v17.0\WebApplications\Microsoft.WebApplication.targets(42,5): message :       _CopyBinDeployableAssemblies;
C:\Program Files\Microsoft Visual Studio\2022\Community\MSBuild\Microsoft\VisualStudio\v17.0\WebApplications\Microsoft.WebApplication.targets(42,5): message :     ;
C:\Program Files\Microsoft Visual Studio\2022\Community\MSBuild\Microsoft\VisualStudio\v17.0\WebApplications\Microsoft.WebApplication.targets(42,5): message :       _CopyWebApplication;
C:\Program Files\Microsoft Visual Studio\2022\Community\MSBuild\Microsoft\VisualStudio\v17.0\WebApplications\Microsoft.WebApplication.targets(42,5): message :       _BuiltWebOutputGroupOutput
C:\Program Files\Microsoft Visual Studio\2022\Community\MSBuild\Microsoft\VisualStudio\v17.0\WebApplications\Microsoft.WebApplication.targets(42,5): message :     " (previous value: "
C:\Program Files\Microsoft Visual Studio\2022\Community\MSBuild\Microsoft\VisualStudio\v17.0\WebApplications\Microsoft.WebApplication.targets(42,5): message :       
C:\Program Files\Microsoft Visual Studio\2022\Community\MSBuild\Microsoft\VisualStudio\v17.0\WebApplications\Microsoft.WebApplication.targets(42,5): message :       CopyFilesToOutputDirectory
C:\Program Files\Microsoft Visual Studio\2022\Community\MSBuild\Microsoft\VisualStudio\v17.0\WebApplications\Microsoft.WebApplication.targets(42,5): message :     ;RunCodeAnalysis;
C:\Program Files\Microsoft Visual Studio\2022\Community\MSBuild\Microsoft\VisualStudio\v17.0\WebApplications\Microsoft.WebApplication.targets(42,5): message :       CopySilverlightApplications;
C:\Program Files\Microsoft Visual Studio\2022\Community\MSBuild\Microsoft\VisualStudio\v17.0\WebApplications\Microsoft.WebApplication.targets(42,5): message :       _CopyBinDeployableAssemblies;
C:\Program Files\Microsoft Visual Studio\2022\Community\MSBuild\Microsoft\VisualStudio\v17.0\WebApplications\Microsoft.WebApplication.targets(42,5): message :     ") at C:\Program Files\Microsoft Visual Studio\2022\Community\MSBuild\Microsoft\VisualStudio\v17.0\WebApplications\Microsoft.WebApplication.targets (42,5)
C:\Program Files\Microsoft Visual Studio\2022\Community\MSBuild\Microsoft\VisualStudio\v17.0\WebApplications\Microsoft.WebApplication.targets(53,5): message : Property reassignment: $(CleanDependsOn)="
C:\Program Files\Microsoft Visual Studio\2022\Community\MSBuild\Microsoft\VisualStudio\v17.0\WebApplications\Microsoft.WebApplication.targets(53,5): message :       
C:\Program Files\Microsoft Visual Studio\2022\Community\MSBuild\Microsoft\VisualStudio\v17.0\WebApplications\Microsoft.WebApplication.targets(53,5): message :       
C:\Program Files\Microsoft Visual Studio\2022\Community\MSBuild\Microsoft\VisualStudio\v17.0\WebApplications\Microsoft.WebApplication.targets(53,5): message :       BeforeClean;
C:\Program Files\Microsoft Visual Studio\2022\Community\MSBuild\Microsoft\VisualStudio\v17.0\WebApplications\Microsoft.WebApplication.targets(53,5): message :       UnmanagedUnregistration;
C:\Program Files\Microsoft Visual Studio\2022\Community\MSBuild\Microsoft\VisualStudio\v17.0\WebApplications\Microsoft.WebApplication.targets(53,5): message :       CoreClean;
C:\Program Files\Microsoft Visual Studio\2022\Community\MSBuild\Microsoft\VisualStudio\v17.0\WebApplications\Microsoft.WebApplication.targets(53,5): message :       CleanReferencedProjects;
C:\Program Files\Microsoft Visual Studio\2022\Community\MSBuild\Microsoft\VisualStudio\v17.0\WebApplications\Microsoft.WebApplication.targets(53,5): message :       CleanPublishFolder;
C:\Program Files\Microsoft Visual Studio\2022\Community\MSBuild\Microsoft\VisualStudio\v17.0\WebApplications\Microsoft.WebApplication.targets(53,5): message :       AfterClean
C:\Program Files\Microsoft Visual Studio\2022\Community\MSBuild\Microsoft\VisualStudio\v17.0\WebApplications\Microsoft.WebApplication.targets(53,5): message :     ;
C:\Program Files\Microsoft Visual Studio\2022\Community\MSBuild\Microsoft\VisualStudio\v17.0\WebApplications\Microsoft.WebApplication.targets(53,5): message :       EntityClean;
C:\Program Files\Microsoft Visual Studio\2022\Community\MSBuild\Microsoft\VisualStudio\v17.0\WebApplications\Microsoft.WebApplication.targets(53,5): message :     ;
C:\Program Files\Microsoft Visual Studio\2022\Community\MSBuild\Microsoft\VisualStudio\v17.0\WebApplications\Microsoft.WebApplication.targets(53,5): message :       CleanWebProjectOutputDir;
C:\Program Files\Microsoft Visual Studio\2022\Community\MSBuild\Microsoft\VisualStudio\v17.0\WebApplications\Microsoft.WebApplication.targets(53,5): message :     " (previous value: "
C:\Program Files\Microsoft Visual Studio\2022\Community\MSBuild\Microsoft\VisualStudio\v17.0\WebApplications\Microsoft.WebApplication.targets(53,5): message :       
C:\Program Files\Microsoft Visual Studio\2022\Community\MSBuild\Microsoft\VisualStudio\v17.0\WebApplications\Microsoft.WebApplication.targets(53,5): message :       BeforeClean;
C:\Program Files\Microsoft Visual Studio\2022\Community\MSBuild\Microsoft\VisualStudio\v17.0\WebApplications\Microsoft.WebApplication.targets(53,5): message :       UnmanagedUnregistration;
C:\Program Files\Microsoft Visual Studio\2022\Community\MSBuild\Microsoft\VisualStudio\v17.0\WebApplications\Microsoft.WebApplication.targets(53,5): message :       CoreClean;
C:\Program Files\Microsoft Visual Studio\2022\Community\MSBuild\Microsoft\VisualStudio\v17.0\WebApplications\Microsoft.WebApplication.targets(53,5): message :       CleanReferencedProjects;
C:\Program Files\Microsoft Visual Studio\2022\Community\MSBuild\Microsoft\VisualStudio\v17.0\WebApplications\Microsoft.WebApplication.targets(53,5): message :       CleanPublishFolder;
C:\Program Files\Microsoft Visual Studio\2022\Community\MSBuild\Microsoft\VisualStudio\v17.0\WebApplications\Microsoft.WebApplication.targets(53,5): message :       AfterClean
C:\Program Files\Microsoft Visual Studio\2022\Community\MSBuild\Microsoft\VisualStudio\v17.0\WebApplications\Microsoft.WebApplication.targets(53,5): message :     ;
C:\Program Files\Microsoft Visual Studio\2022\Community\MSBuild\Microsoft\VisualStudio\v17.0\WebApplications\Microsoft.WebApplication.targets(53,5): message :       EntityClean;
C:\Program Files\Microsoft Visual Studio\2022\Community\MSBuild\Microsoft\VisualStudio\v17.0\WebApplications\Microsoft.WebApplication.targets(53,5): message :     ") at C:\Program Files\Microsoft Visual Studio\2022\Community\MSBuild\Microsoft\VisualStudio\v17.0\WebApplications\Microsoft.WebApplication.targets (53,5)
C:\Program Files\Microsoft Visual Studio\2022\Community\MSBuild\Microsoft\VisualStudio\v17.0\Web\Microsoft.Web.Publishing.targets(215,5): message : Property reassignment: $(CleanDependsOn)="
C:\Program Files\Microsoft Visual Studio\2022\Community\MSBuild\Microsoft\VisualStudio\v17.0\Web\Microsoft.Web.Publishing.targets(215,5): message :       
C:\Program Files\Microsoft Visual Studio\2022\Community\MSBuild\Microsoft\VisualStudio\v17.0\Web\Microsoft.Web.Publishing.targets(215,5): message :       
C:\Program Files\Microsoft Visual Studio\2022\Community\MSBuild\Microsoft\VisualStudio\v17.0\Web\Microsoft.Web.Publishing.targets(215,5): message :       
C:\Program Files\Microsoft Visual Studio\2022\Community\MSBuild\Microsoft\VisualStudio\v17.0\Web\Microsoft.Web.Publishing.targets(215,5): message :       BeforeClean;
C:\Program Files\Microsoft Visual Studio\2022\Community\MSBuild\Microsoft\VisualStudio\v17.0\Web\Microsoft.Web.Publishing.targets(215,5): message :       UnmanagedUnregistration;
C:\Program Files\Microsoft Visual Studio\2022\Community\MSBuild\Microsoft\VisualStudio\v17.0\Web\Microsoft.Web.Publishing.targets(215,5): message :       CoreClean;
C:\Program Files\Microsoft Visual Studio\2022\Community\MSBuild\Microsoft\VisualStudio\v17.0\Web\Microsoft.Web.Publishing.targets(215,5): message :       CleanReferencedProjects;
C:\Program Files\Microsoft Visual Studio\2022\Community\MSBuild\Microsoft\VisualStudio\v17.0\Web\Microsoft.Web.Publishing.targets(215,5): message :       CleanPublishFolder;
C:\Program Files\Microsoft Visual Studio\2022\Community\MSBuild\Microsoft\VisualStudio\v17.0\Web\Microsoft.Web.Publishing.targets(215,5): message :       AfterClean
C:\Program Files\Microsoft Visual Studio\2022\Community\MSBuild\Microsoft\VisualStudio\v17.0\Web\Microsoft.Web.Publishing.targets(215,5): message :     ;
C:\Program Files\Microsoft Visual Studio\2022\Community\MSBuild\Microsoft\VisualStudio\v17.0\Web\Microsoft.Web.Publishing.targets(215,5): message :       EntityClean;
C:\Program Files\Microsoft Visual Studio\2022\Community\MSBuild\Microsoft\VisualStudio\v17.0\Web\Microsoft.Web.Publishing.targets(215,5): message :     ;
C:\Program Files\Microsoft Visual Studio\2022\Community\MSBuild\Microsoft\VisualStudio\v17.0\Web\Microsoft.Web.Publishing.targets(215,5): message :       CleanWebProjectOutputDir;
C:\Program Files\Microsoft Visual Studio\2022\Community\MSBuild\Microsoft\VisualStudio\v17.0\Web\Microsoft.Web.Publishing.targets(215,5): message :     ;
C:\Program Files\Microsoft Visual Studio\2022\Community\MSBuild\Microsoft\VisualStudio\v17.0\Web\Microsoft.Web.Publishing.targets(215,5): message :       
C:\Program Files\Microsoft Visual Studio\2022\Community\MSBuild\Microsoft\VisualStudio\v17.0\Web\Microsoft.Web.Publishing.targets(215,5): message :       ;
C:\Program Files\Microsoft Visual Studio\2022\Community\MSBuild\Microsoft\VisualStudio\v17.0\Web\Microsoft.Web.Publishing.targets(215,5): message :       CleanWebsitesPackage;
C:\Program Files\Microsoft Visual Studio\2022\Community\MSBuild\Microsoft\VisualStudio\v17.0\Web\Microsoft.Web.Publishing.targets(215,5): message :       CleanWebsitesWPPAllFilesInSingleFolder;
C:\Program Files\Microsoft Visual Studio\2022\Community\MSBuild\Microsoft\VisualStudio\v17.0\Web\Microsoft.Web.Publishing.targets(215,5): message :       CleanWebPublishPipelineIntermediateOutput;
C:\Program Files\Microsoft Visual Studio\2022\Community\MSBuild\Microsoft\VisualStudio\v17.0\Web\Microsoft.Web.Publishing.targets(215,5): message :     ;
C:\Program Files\Microsoft Visual Studio\2022\Community\MSBuild\Microsoft\VisualStudio\v17.0\Web\Microsoft.Web.Publishing.targets(215,5): message :     " (previous value: "
C:\Program Files\Microsoft Visual Studio\2022\Community\MSBuild\Microsoft\VisualStudio\v17.0\Web\Microsoft.Web.Publishing.targets(215,5): message :       
C:\Program Files\Microsoft Visual Studio\2022\Community\MSBuild\Microsoft\VisualStudio\v17.0\Web\Microsoft.Web.Publishing.targets(215,5): message :       
C:\Program Files\Microsoft Visual Studio\2022\Community\MSBuild\Microsoft\VisualStudio\v17.0\Web\Microsoft.Web.Publishing.targets(215,5): message :       BeforeClean;
C:\Program Files\Microsoft Visual Studio\2022\Community\MSBuild\Microsoft\VisualStudio\v17.0\Web\Microsoft.Web.Publishing.targets(215,5): message :       UnmanagedUnregistration;
C:\Program Files\Microsoft Visual Studio\2022\Community\MSBuild\Microsoft\VisualStudio\v17.0\Web\Microsoft.Web.Publishing.targets(215,5): message :       CoreClean;
C:\Program Files\Microsoft Visual Studio\2022\Community\MSBuild\Microsoft\VisualStudio\v17.0\Web\Microsoft.Web.Publishing.targets(215,5): message :       CleanReferencedProjects;
C:\Program Files\Microsoft Visual Studio\2022\Community\MSBuild\Microsoft\VisualStudio\v17.0\Web\Microsoft.Web.Publishing.targets(215,5): message :       CleanPublishFolder;
C:\Program Files\Microsoft Visual Studio\2022\Community\MSBuild\Microsoft\VisualStudio\v17.0\Web\Microsoft.Web.Publishing.targets(215,5): message :       AfterClean
C:\Program Files\Microsoft Visual Studio\2022\Community\MSBuild\Microsoft\VisualStudio\v17.0\Web\Microsoft.Web.Publishing.targets(215,5): message :     ;
C:\Program Files\Microsoft Visual Studio\2022\Community\MSBuild\Microsoft\VisualStudio\v17.0\Web\Microsoft.Web.Publishing.targets(215,5): message :       EntityClean;
C:\Program Files\Microsoft Visual Studio\2022\Community\MSBuild\Microsoft\VisualStudio\v17.0\Web\Microsoft.Web.Publishing.targets(215,5): message :     ;
C:\Program Files\Microsoft Visual Studio\2022\Community\MSBuild\Microsoft\VisualStudio\v17.0\Web\Microsoft.Web.Publishing.targets(215,5): message :       CleanWebProjectOutputDir;
C:\Program Files\Microsoft Visual Studio\2022\Community\MSBuild\Microsoft\VisualStudio\v17.0\Web\Microsoft.Web.Publishing.targets(215,5): message :     ") at C:\Program Files\Microsoft Visual Studio\2022\Community\MSBuild\Microsoft\VisualStudio\v17.0\Web\Microsoft.Web.Publishing.targets (215,5)
C:\Program Files\Microsoft Visual Studio\2022\Community\MSBuild\Microsoft\VisualStudio\v17.0\Web\Microsoft.Web.Publishing.targets(404,5): message : Property reassignment: $(CleanWebProjectOutputDir)="True" (previous value: "False") at C:\Program Files\Microsoft Visual Studio\2022\Community\MSBuild\Microsoft\VisualStudio\v17.0\Web\Microsoft.Web.Publishing.targets (404,5)
C:\Program Files\Microsoft Visual Studio\2022\Community\MSBuild\Microsoft\VisualStudio\v17.0\Web\Microsoft.Web.Publishing.targets(405,5): message : Property reassignment: $(CleanWebProjectOutputDir)="False" (previous value: "True") at C:\Program Files\Microsoft Visual Studio\2022\Community\MSBuild\Microsoft\VisualStudio\v17.0\Web\Microsoft.Web.Publishing.targets (405,5)
C:\Program Files\Microsoft Visual Studio\2022\Community\MSBuild\Microsoft\VisualStudio\v17.0\Web\Microsoft.Web.Publishing.targets(453,5): message : Property reassignment: $(_UseDefaultLinkExtensionValue)="True" (previous value: "False") at C:\Program Files\Microsoft Visual Studio\2022\Community\MSBuild\Microsoft\VisualStudio\v17.0\Web\Microsoft.Web.Publishing.targets (453,5)
C:\Program Files\Microsoft Visual Studio\2022\Community\MSBuild\Microsoft\VisualStudio\v17.0\Web\Microsoft.Web.Publishing.targets(532,5): message : Property reassignment: $(_DestinationIisAppPhysicalPath)="d:\.net Project\Stock_Forgeeee_deploy" (previous value: "") at C:\Program Files\Microsoft Visual Studio\2022\Community\MSBuild\Microsoft\VisualStudio\v17.0\Web\Microsoft.Web.Publishing.targets (532,5)
C:\Program Files\Microsoft Visual Studio\2022\Community\MSBuild\Microsoft\VisualStudio\v17.0\Web\Microsoft.Web.Publishing.targets(3662,5): message : Property reassignment: $(WriteItemsToSourceManifestDependsOn)="
C:\Program Files\Microsoft Visual Studio\2022\Community\MSBuild\Microsoft\VisualStudio\v17.0\Web\Microsoft.Web.Publishing.targets(3662,5): message :       ;
C:\Program Files\Microsoft Visual Studio\2022\Community\MSBuild\Microsoft\VisualStudio\v17.0\Web\Microsoft.Web.Publishing.targets(3662,5): message :       
C:\Program Files\Microsoft Visual Studio\2022\Community\MSBuild\Microsoft\VisualStudio\v17.0\Web\Microsoft.Web.Publishing.targets(3662,5): message :       ;
C:\Program Files\Microsoft Visual Studio\2022\Community\MSBuild\Microsoft\VisualStudio\v17.0\Web\Microsoft.Web.Publishing.targets(3662,5): message :       AddDatabasesToSourceManifest;
C:\Program Files\Microsoft Visual Studio\2022\Community\MSBuild\Microsoft\VisualStudio\v17.0\Web\Microsoft.Web.Publishing.targets(3662,5): message :     ;
C:\Program Files\Microsoft Visual Studio\2022\Community\MSBuild\Microsoft\VisualStudio\v17.0\Web\Microsoft.Web.Publishing.targets(3662,5): message :       AddIisSettingAndFileContentsToSourceManifest;
C:\Program Files\Microsoft Visual Studio\2022\Community\MSBuild\Microsoft\VisualStudio\v17.0\Web\Microsoft.Web.Publishing.targets(3662,5): message :     " (previous value: "
C:\Program Files\Microsoft Visual Studio\2022\Community\MSBuild\Microsoft\VisualStudio\v17.0\Web\Microsoft.Web.Publishing.targets(3662,5): message :       ;
C:\Program Files\Microsoft Visual Studio\2022\Community\MSBuild\Microsoft\VisualStudio\v17.0\Web\Microsoft.Web.Publishing.targets(3662,5): message :       AddDatabasesToSourceManifest;
C:\Program Files\Microsoft Visual Studio\2022\Community\MSBuild\Microsoft\VisualStudio\v17.0\Web\Microsoft.Web.Publishing.targets(3662,5): message :     ") at C:\Program Files\Microsoft Visual Studio\2022\Community\MSBuild\Microsoft\VisualStudio\v17.0\Web\Microsoft.Web.Publishing.targets (3662,5)
C:\Program Files\Microsoft Visual Studio\2022\Community\MSBuild\Microsoft\VisualStudio\v17.0\Web\Microsoft.Web.Publishing.targets(4633,5): message : Property reassignment: $(DbDacFxPreviewDependsOn)="
C:\Program Files\Microsoft Visual Studio\2022\Community\MSBuild\Microsoft\VisualStudio\v17.0\Web\Microsoft.Web.Publishing.targets(4633,5): message :       
C:\Program Files\Microsoft Visual Studio\2022\Community\MSBuild\Microsoft\VisualStudio\v17.0\Web\Microsoft.Web.Publishing.targets(4633,5): message :       ;
C:\Program Files\Microsoft Visual Studio\2022\Community\MSBuild\Microsoft\VisualStudio\v17.0\Web\Microsoft.Web.Publishing.targets(4633,5): message :       GetMSDeployInstalledVersionPath;
C:\Program Files\Microsoft Visual Studio\2022\Community\MSBuild\Microsoft\VisualStudio\v17.0\Web\Microsoft.Web.Publishing.targets(4633,5): message :     ;
C:\Program Files\Microsoft Visual Studio\2022\Community\MSBuild\Microsoft\VisualStudio\v17.0\Web\Microsoft.Web.Publishing.targets(4633,5): message :       RemoteDbDacFxPreview;
C:\Program Files\Microsoft Visual Studio\2022\Community\MSBuild\Microsoft\VisualStudio\v17.0\Web\Microsoft.Web.Publishing.targets(4633,5): message :     " (previous value: "
C:\Program Files\Microsoft Visual Studio\2022\Community\MSBuild\Microsoft\VisualStudio\v17.0\Web\Microsoft.Web.Publishing.targets(4633,5): message :       ;
C:\Program Files\Microsoft Visual Studio\2022\Community\MSBuild\Microsoft\VisualStudio\v17.0\Web\Microsoft.Web.Publishing.targets(4633,5): message :       GetMSDeployInstalledVersionPath;
C:\Program Files\Microsoft Visual Studio\2022\Community\MSBuild\Microsoft\VisualStudio\v17.0\Web\Microsoft.Web.Publishing.targets(4633,5): message :     ") at C:\Program Files\Microsoft Visual Studio\2022\Community\MSBuild\Microsoft\VisualStudio\v17.0\Web\Microsoft.Web.Publishing.targets (4633,5)
C:\Program Files\Microsoft Visual Studio\2022\Community\MSBuild\Microsoft\VisualStudio\v17.0\Web\Microsoft.Web.Publishing\ImportAfter\Microsoft.Web.AzureAD.Publishing.targets(17,5): message : Property reassignment: $(PipelineTransformPhaseDependsOn)="
C:\Program Files\Microsoft Visual Studio\2022\Community\MSBuild\Microsoft\VisualStudio\v17.0\Web\Microsoft.Web.Publishing\ImportAfter\Microsoft.Web.AzureAD.Publishing.targets(17,5): message :       ;
C:\Program Files\Microsoft Visual Studio\2022\Community\MSBuild\Microsoft\VisualStudio\v17.0\Web\Microsoft.Web.Publishing\ImportAfter\Microsoft.Web.AzureAD.Publishing.targets(17,5): message :       ;
C:\Program Files\Microsoft Visual Studio\2022\Community\MSBuild\Microsoft\VisualStudio\v17.0\Web\Microsoft.Web.Publishing\ImportAfter\Microsoft.Web.AzureAD.Publishing.targets(17,5): message :       PipeLineCollectFilesPhase;
C:\Program Files\Microsoft Visual Studio\2022\Community\MSBuild\Microsoft\VisualStudio\v17.0\Web\Microsoft.Web.Publishing\ImportAfter\Microsoft.Web.AzureAD.Publishing.targets(17,5): message :       TransformWebConfig;
C:\Program Files\Microsoft Visual Studio\2022\Community\MSBuild\Microsoft\VisualStudio\v17.0\Web\Microsoft.Web.Publishing\ImportAfter\Microsoft.Web.AzureAD.Publishing.targets(17,5): message :       ProfileTransformWebConfig;
C:\Program Files\Microsoft Visual Studio\2022\Community\MSBuild\Microsoft\VisualStudio\v17.0\Web\Microsoft.Web.Publishing\ImportAfter\Microsoft.Web.AzureAD.Publishing.targets(17,5): message :       InsertAdditionalWebCofigConnectionStrings;
C:\Program Files\Microsoft Visual Studio\2022\Community\MSBuild\Microsoft\VisualStudio\v17.0\Web\Microsoft.Web.Publishing\ImportAfter\Microsoft.Web.AzureAD.Publishing.targets(17,5): message :       MarkWebConfigAssistFilesAsExclude;
C:\Program Files\Microsoft Visual Studio\2022\Community\MSBuild\Microsoft\VisualStudio\v17.0\Web\Microsoft.Web.Publishing\ImportAfter\Microsoft.Web.AzureAD.Publishing.targets(17,5): message :     ;_TransformWebConfigForAzureAuthentication" (previous value: "
C:\Program Files\Microsoft Visual Studio\2022\Community\MSBuild\Microsoft\VisualStudio\v17.0\Web\Microsoft.Web.Publishing\ImportAfter\Microsoft.Web.AzureAD.Publishing.targets(17,5): message :       ;
C:\Program Files\Microsoft Visual Studio\2022\Community\MSBuild\Microsoft\VisualStudio\v17.0\Web\Microsoft.Web.Publishing\ImportAfter\Microsoft.Web.AzureAD.Publishing.targets(17,5): message :       ;
C:\Program Files\Microsoft Visual Studio\2022\Community\MSBuild\Microsoft\VisualStudio\v17.0\Web\Microsoft.Web.Publishing\ImportAfter\Microsoft.Web.AzureAD.Publishing.targets(17,5): message :       PipeLineCollectFilesPhase;
C:\Program Files\Microsoft Visual Studio\2022\Community\MSBuild\Microsoft\VisualStudio\v17.0\Web\Microsoft.Web.Publishing\ImportAfter\Microsoft.Web.AzureAD.Publishing.targets(17,5): message :       TransformWebConfig;
C:\Program Files\Microsoft Visual Studio\2022\Community\MSBuild\Microsoft\VisualStudio\v17.0\Web\Microsoft.Web.Publishing\ImportAfter\Microsoft.Web.AzureAD.Publishing.targets(17,5): message :       ProfileTransformWebConfig;
C:\Program Files\Microsoft Visual Studio\2022\Community\MSBuild\Microsoft\VisualStudio\v17.0\Web\Microsoft.Web.Publishing\ImportAfter\Microsoft.Web.AzureAD.Publishing.targets(17,5): message :       InsertAdditionalWebCofigConnectionStrings;
C:\Program Files\Microsoft Visual Studio\2022\Community\MSBuild\Microsoft\VisualStudio\v17.0\Web\Microsoft.Web.Publishing\ImportAfter\Microsoft.Web.AzureAD.Publishing.targets(17,5): message :       MarkWebConfigAssistFilesAsExclude;
C:\Program Files\Microsoft Visual Studio\2022\Community\MSBuild\Microsoft\VisualStudio\v17.0\Web\Microsoft.Web.Publishing\ImportAfter\Microsoft.Web.AzureAD.Publishing.targets(17,5): message :     ") at C:\Program Files\Microsoft Visual Studio\2022\Community\MSBuild\Microsoft\VisualStudio\v17.0\Web\Microsoft.Web.Publishing\ImportAfter\Microsoft.Web.AzureAD.Publishing.targets (17,5)
C:\Program Files\Microsoft Visual Studio\2022\Community\MSBuild\Microsoft\VisualStudio\v17.0\WebApplications\Microsoft.WebApplication.targets(385,5): message : Property reassignment: $(OnBeforePipelineCollectFilesPhase)="
C:\Program Files\Microsoft Visual Studio\2022\Community\MSBuild\Microsoft\VisualStudio\v17.0\WebApplications\Microsoft.WebApplication.targets(385,5): message :       
C:\Program Files\Microsoft Visual Studio\2022\Community\MSBuild\Microsoft\VisualStudio\v17.0\WebApplications\Microsoft.WebApplication.targets(385,5): message :       ;
C:\Program Files\Microsoft Visual Studio\2022\Community\MSBuild\Microsoft\VisualStudio\v17.0\WebApplications\Microsoft.WebApplication.targets(385,5): message :       _CleanWPPIfNeedTo;
C:\Program Files\Microsoft Visual Studio\2022\Community\MSBuild\Microsoft\VisualStudio\v17.0\WebApplications\Microsoft.WebApplication.targets(385,5): message :     ;
C:\Program Files\Microsoft Visual Studio\2022\Community\MSBuild\Microsoft\VisualStudio\v17.0\WebApplications\Microsoft.WebApplication.targets(385,5): message :       CopySilverlightApplications;
C:\Program Files\Microsoft Visual Studio\2022\Community\MSBuild\Microsoft\VisualStudio\v17.0\WebApplications\Microsoft.WebApplication.targets(385,5): message :     " (previous value: "
C:\Program Files\Microsoft Visual Studio\2022\Community\MSBuild\Microsoft\VisualStudio\v17.0\WebApplications\Microsoft.WebApplication.targets(385,5): message :       ;
C:\Program Files\Microsoft Visual Studio\2022\Community\MSBuild\Microsoft\VisualStudio\v17.0\WebApplications\Microsoft.WebApplication.targets(385,5): message :       _CleanWPPIfNeedTo;
C:\Program Files\Microsoft Visual Studio\2022\Community\MSBuild\Microsoft\VisualStudio\v17.0\WebApplications\Microsoft.WebApplication.targets(385,5): message :     ") at C:\Program Files\Microsoft Visual Studio\2022\Community\MSBuild\Microsoft\VisualStudio\v17.0\WebApplications\Microsoft.WebApplication.targets (385,5)
C:\Program Files\Microsoft Visual Studio\2022\Community\MSBuild\Microsoft\VisualStudio\v17.0\WebApplications\Microsoft.WebApplication.targets(393,5): message : Property reassignment: $(AutoUnifyAssemblyReferences)="false" (previous value: "true") at C:\Program Files\Microsoft Visual Studio\2022\Community\MSBuild\Microsoft\VisualStudio\v17.0\WebApplications\Microsoft.WebApplication.targets (393,5)
Search paths being used for $(MSBuildExtensionsPath32) are C:\Program Files\Microsoft Visual Studio\2022\Community\MSBuild;$(MSBuildProgramFiles32)\MSBuild
Overriding target "ResolveFrameworkReferences" in project "C:\Program Files\Microsoft Visual Studio\2022\Community\MSBuild\Microsoft\VisualStudio\Managed\Microsoft.Managed.DesignTime.targets" with target "ResolveFrameworkReferences" from project "C:\Program Files\Microsoft Visual Studio\2022\Community\MSBuild\Current\Bin\Microsoft.Common.CurrentVersion.targets".
Overriding target "GetFrameworkPaths" in project "C:\Program Files\Microsoft Visual Studio\2022\Community\MSBuild\Current\Bin\Microsoft.Common.CurrentVersion.targets" with target "GetFrameworkPaths" from project "C:\Program Files\Microsoft Visual Studio\2022\Community\MSBuild\Current\Bin\Microsoft.NETFramework.CurrentVersion.targets".
Overriding target "SatelliteDllsProjectOutputGroup" in project "C:\Program Files\Microsoft Visual Studio\2022\Community\MSBuild\Current\Bin\Microsoft.Common.CurrentVersion.targets" with target "SatelliteDllsProjectOutputGroup" from project "C:\Windows\Microsoft.NET\Framework\v4.0.30319\Microsoft.WinFx.targets".
Overriding target "GenerateCompiledExpressionsTempFile" in project "C:\Windows\Microsoft.NET\Framework\v4.0.30319\Microsoft.WorkflowBuildExtensions.targets" with target "GenerateCompiledExpressionsTempFile" from project "C:\Program Files\Microsoft Visual Studio\2022\Community\MSBuild\Current\Bin\Microsoft.WorkflowBuildExtensions.targets".
Overriding target "CollectPackageReferences" in project "C:\Program Files\Microsoft Visual Studio\2022\Community\MSBuild\Microsoft\VisualStudio\Managed\Microsoft.Managed.DesignTime.targets" with target "CollectPackageReferences" from project "C:\Program Files\Microsoft Visual Studio\2022\Community\Common7\IDE\CommonExtensions\Microsoft\NuGet\NuGet.targets".
Overriding target "CollectNuGetAuditSuppressions" in project "C:\Program Files\Microsoft Visual Studio\2022\Community\MSBuild\Microsoft\VisualStudio\Managed\Microsoft.Managed.DesignTime.targets" with target "CollectNuGetAuditSuppressions" from project "C:\Program Files\Microsoft Visual Studio\2022\Community\Common7\IDE\CommonExtensions\Microsoft\NuGet\NuGet.targets".
Overriding target "CollectPrunePackageReferences" in project "C:\Program Files\Microsoft Visual Studio\2022\Community\MSBuild\Microsoft\VisualStudio\Managed\Microsoft.Managed.DesignTime.targets" with target "CollectPrunePackageReferences" from project "C:\Program Files\Microsoft Visual Studio\2022\Community\Common7\IDE\CommonExtensions\Microsoft\NuGet\NuGet.targets".
Overriding target "CollectCopyToOutputDirectoryItemDesignTime" in project "C:\Program Files\Microsoft Visual Studio\2022\Community\MSBuild\Microsoft\VisualStudio\Managed\Microsoft.Managed.DesignTime.targets" with target "CollectCopyToOutputDirectoryItemDesignTime" from project "C:\Program Files\Microsoft Visual Studio\2022\Community\Common7\IDE\CommonExtensions\Microsoft\ProjectServices\Microsoft.DesignTime.targets".
Overriding target "CompileDesignTime" in project "C:\Program Files\Microsoft Visual Studio\2022\Community\MSBuild\Microsoft\VisualStudio\Managed\Microsoft.CSharp.DesignTime.targets" with target "CompileDesignTime" from project "C:\Program Files\Microsoft Visual Studio\2022\Community\Common7\IDE\CommonExtensions\Microsoft\ProjectServices\Microsoft.DesignTime.targets".
Overriding target "_CheckCompileDesignTimePrerequisite" in project "C:\Program Files\Microsoft Visual Studio\2022\Community\MSBuild\Microsoft\VisualStudio\Managed\Microsoft.Managed.DesignTime.targets" with target "_CheckCompileDesignTimePrerequisite" from project "C:\Program Files\Microsoft Visual Studio\2022\Community\Common7\IDE\CommonExtensions\Microsoft\ProjectServices\Microsoft.DesignTime.targets".
The target "_PrepareRazorSourceGenerators" listed in an AfterTargets attribute at "C:\Program Files\Microsoft Visual Studio\2022\Community\MSBuild\Microsoft\VisualStudio\Managed\Microsoft.CSharp.DesignTime.targets (74,45)" does not exist in the project, and will be ignored.
The target "ClCompile" listed in an AfterTargets attribute at "C:\Program Files\Microsoft Visual Studio\2022\Community\MSBuild\Microsoft\VisualStudio\v17.0\CodeAnalysis\Microsoft.CodeAnalysis.targets (446,11)" does not exist in the project, and will be ignored.
The target "MvcBuildViews" listed in a BeforeTargets attribute at "C:\Program Files\Microsoft Visual Studio\2022\Community\MSBuild\Microsoft\VisualStudio\v17.0\Web\Microsoft.Web.Publishing.targets (869,131)" does not exist in the project, and will be ignored.
Project "d:\.net Project\Stock_Forgeeee\Stock_Forgeeee.csproj" on node 1 (Build target(s)).
Project file contains ToolsVersion="15.0". This toolset may be unknown or missing, in which case you may be able to resolve this by installing the appropriate version of MSBuild, or the build may have been forced to a particular ToolsVersion for policy reasons. Treating the project as if it had ToolsVersion="Current". For more information, please see http://go.microsoft.com/fwlink/?LinkId=293424.
Target "EntityDeploy" skipped, due to false condition; ('@(EntityDeploy)' != '') was evaluated as ('' != '').
Target "EnableIntermediateOutputPathMismatchWarning" skipped, due to false condition; ('$(RestoreProjectStyle)' == 'PackageReference') was evaluated as ('' == 'PackageReference').
Target "_CheckForInvalidConfigurationAndPlatform" in file "C:\Program Files\Microsoft Visual Studio\2022\Community\MSBuild\Current\Bin\Microsoft.Common.CurrentVersion.targets" from project "d:\.net Project\Stock_Forgeeee\Stock_Forgeeee.csproj" (target "EntityDeploy" depends on it):
Task "MSBuildInternalMessage" skipped, due to false condition; ('$(_InvalidConfigurationMessageSeverity)' != '') was evaluated as ('' != '').
Using "Message" task from assembly "Microsoft.Build.Tasks.Core, Version=15.1.0.0, Culture=neutral, PublicKeyToken=b03f5f7f11d50a3a".
Task "Message"
  Configuration=Debug
Done executing task "Message".
Task "Message"
  Platform=AnyCPU
Done executing task "Message".
Task "MSBuildInternalMessage" skipped, due to false condition; ('$(OutDir)' != '' and !HasTrailingSlash('$(OutDir)')) was evaluated as ('bin\' != '' and !HasTrailingSlash('bin\')).
Task "MSBuildInternalMessage" skipped, due to false condition; ('$(IntermediateOutputPath)' != '' and !HasTrailingSlash('$(IntermediateOutputPath)')) was evaluated as ('obj\Debug\' != '' and !HasTrailingSlash('obj\Debug\')).
Task "MSBuildInternalMessage" skipped, due to false condition; ('$(BaseIntermediateOutputPath)' != '' and !HasTrailingSlash('$(BaseIntermediateOutputPath)')) was evaluated as ('obj\' != '' and !HasTrailingSlash('obj\')).
Task "MSBuildInternalMessage" skipped, due to false condition; ( '$(Prefer32Bit)' == 'true' and '$(PreferNativeArm64)' == 'true' ) was evaluated as ( 'false' == 'true' and '' == 'true' ).
Task "MSBuildInternalMessage" skipped, due to false condition; ( '$(NoWin32Manifest)' == 'true' and '$(PreferNativeArm64)' == 'true' ) was evaluated as ( '' == 'true' and '' == 'true' ).
Task "MSBuildInternalMessage" skipped, due to false condition; ( '$(PreferNativeArm64)' == 'true' and '$(Platform)' != 'AnyCPU' ) was evaluated as ( '' == 'true' and 'AnyCPU' != 'AnyCPU' ).
Task "MSBuildInternalMessage" skipped, due to false condition; ( '$(_InitialMSBuildProjectExtensionsPath)' != '' And '$(MSBuildProjectExtensionsPath)' != '$(_InitialMSBuildProjectExtensionsPath)' ) was evaluated as ( 'd:\.net Project\Stock_Forgeeee\obj\' != '' And 'd:\.net Project\Stock_Forgeeee\obj\' != 'd:\.net Project\Stock_Forgeeee\obj\' ).
Task "MSBuildInternalMessage" skipped, due to false condition; ( '$(EnableBaseIntermediateOutputPathMismatchWarning)' == 'true' And '$(_InitialBaseIntermediateOutputPath)' != '$(BaseIntermediateOutputPath)' And '$(BaseIntermediateOutputPath)' != '$(MSBuildProjectExtensionsPath)' ) was evaluated as ( '' == 'true' And 'obj\' != 'obj\' And 'obj\' != 'd:\.net Project\Stock_Forgeeee\obj\' ).
Done building target "_CheckForInvalidConfigurationAndPlatform" in project "Stock_Forgeeee.csproj".
Target "BeforeBuild" in file "C:\Program Files\Microsoft Visual Studio\2022\Community\MSBuild\Current\Bin\Microsoft.Common.CurrentVersion.targets" from project "d:\.net Project\Stock_Forgeeee\Stock_Forgeeee.csproj" (target "Build" depends on it):
Done building target "BeforeBuild" in project "Stock_Forgeeee.csproj".
Target "BuildOnlySettings" in file "C:\Program Files\Microsoft Visual Studio\2022\Community\MSBuild\Current\Bin\Microsoft.Common.CurrentVersion.targets" from project "d:\.net Project\Stock_Forgeeee\Stock_Forgeeee.csproj" (target "CoreBuild" depends on it):
C:\Program Files\Microsoft Visual Studio\2022\Community\MSBuild\Current\Bin\Microsoft.Common.CurrentVersion.targets(1168,7): message : Property reassignment: $(BuildingProject)="true" (previous value: "false") at C:\Program Files\Microsoft Visual Studio\2022\Community\MSBuild\Current\Bin\Microsoft.Common.CurrentVersion.targets (1168,7) [d:\.net Project\Stock_Forgeeee\Stock_Forgeeee.csproj]
Done building target "BuildOnlySettings" in project "Stock_Forgeeee.csproj".
Target "GetFrameworkPaths" in file "C:\Program Files\Microsoft Visual Studio\2022\Community\MSBuild\Current\Bin\Microsoft.NETFramework.CurrentVersion.targets" from project "d:\.net Project\Stock_Forgeeee\Stock_Forgeeee.csproj" (target "PrepareForBuild" depends on it):
Done building target "GetFrameworkPaths" in project "Stock_Forgeeee.csproj".
Target "GetWinFXPath" skipped, due to false condition; (('@(Page)' != '' or '@(ApplicationDefinition)' != '' or '@(Resource)' != '') and ('$(GetWinFXNativePath)' != '' or '$(GetWinFXWoWPath)' != '' )) was evaluated as (('' != '' or '' != '' or '' != '') and ('' != '' or '' != '' )).
Target "GetFrameworkPaths" skipped. Previously built successfully.
Target "GetReferenceAssemblyPaths" in file "C:\Program Files\Microsoft Visual Studio\2022\Community\MSBuild\Current\Bin\Microsoft.Common.CurrentVersion.targets" from project "d:\.net Project\Stock_Forgeeee\Stock_Forgeeee.csproj" (target "PrepareForBuild" depends on it):
C:\Program Files\Microsoft Visual Studio\2022\Community\MSBuild\Current\Bin\Microsoft.Common.CurrentVersion.targets(1255,7): message : Property reassignment: $(TargetFrameworkDirectory)="" (previous value: "C:\Windows\Microsoft.NET\Framework\v4.0.30319") at C:\Program Files\Microsoft Visual Studio\2022\Community\MSBuild\Current\Bin\Microsoft.Common.CurrentVersion.targets (1255,7) [d:\.net Project\Stock_Forgeeee\Stock_Forgeeee.csproj]
Using "GetReferenceAssemblyPaths" task from assembly "Microsoft.Build.Tasks.Core, Version=15.1.0.0, Culture=neutral, PublicKeyToken=b03f5f7f11d50a3a".
Task "GetReferenceAssemblyPaths"
Done executing task "GetReferenceAssemblyPaths".
C:\Program Files\Microsoft Visual Studio\2022\Community\MSBuild\Current\Bin\Microsoft.Common.CurrentVersion.targets(1272,7): message : Property reassignment: $(TargetFrameworkDirectory)="C:\Program Files %28x86%29\Reference Assemblies\Microsoft\Framework\.NETFramework\v4.7.2\;;" (previous value: "C:\Windows\Microsoft.NET\Framework\v4.0.30319") at C:\Program Files\Microsoft Visual Studio\2022\Community\MSBuild\Current\Bin\Microsoft.Common.CurrentVersion.targets (1272,7) [d:\.net Project\Stock_Forgeeee\Stock_Forgeeee.csproj]
C:\Program Files\Microsoft Visual Studio\2022\Community\MSBuild\Current\Bin\Microsoft.Common.CurrentVersion.targets(1293,7): message : Property reassignment: $(TargetFrameworkDirectory)="C:\Program Files %28x86%29\Reference Assemblies\Microsoft\Framework\.NETFramework\v4.7.2\;;;C:\Program Files %28x86%29\Reference Assemblies\Microsoft\Framework\.NETFramework\v4.7.2\Facades\" (previous value: "C:\Windows\Microsoft.NET\Framework\v4.0.30319") at C:\Program Files\Microsoft Visual Studio\2022\Community\MSBuild\Current\Bin\Microsoft.Common.CurrentVersion.targets (1293,7) [d:\.net Project\Stock_Forgeeee\Stock_Forgeeee.csproj]
Done building target "GetReferenceAssemblyPaths" in project "Stock_Forgeeee.csproj".
Target "AssignLinkMetadata" skipped, due to false condition; ( '$(SynthesizeLinkMetadata)' == 'true' ) was evaluated as ( '' == 'true' ).
Target "EnsureNuGetPackageBuildImports" in project "d:\.net Project\Stock_Forgeeee\Stock_Forgeeee.csproj" (target "PrepareForBuild" depends on it):
Task "Error" skipped, due to false condition; (!Exists('packages\Microsoft.CodeDom.Providers.DotNetCompilerPlatform.2.0.1\build\net46\Microsoft.CodeDom.Providers.DotNetCompilerPlatform.props')) was evaluated as (!Exists('packages\Microsoft.CodeDom.Providers.DotNetCompilerPlatform.2.0.1\build\net46\Microsoft.CodeDom.Providers.DotNetCompilerPlatform.props')).
Done building target "EnsureNuGetPackageBuildImports" in project "Stock_Forgeeee.csproj".
Target "PrepareForBuild" in file "C:\Program Files\Microsoft Visual Studio\2022\Community\MSBuild\Current\Bin\Microsoft.Common.CurrentVersion.targets" from project "d:\.net Project\Stock_Forgeeee\Stock_Forgeeee.csproj" (target "CoreBuild" depends on it):
Task "FindAppConfigFile" skipped, due to false condition; ('$(AppConfig)'=='') was evaluated as ('Web.config'=='').
Using "MakeDir" task from assembly "Microsoft.Build.Tasks.Core, Version=15.1.0.0, Culture=neutral, PublicKeyToken=b03f5f7f11d50a3a".
Task "MakeDir"
Done executing task "MakeDir".
Done building target "PrepareForBuild" in project "Stock_Forgeeee.csproj".
Target "PreBuildEvent" skipped, due to false condition; ('$(PreBuildEvent)'!='') was evaluated as (''!='').
Target "BeforeResolveReferences" in file "C:\Program Files\Microsoft Visual Studio\2022\Community\MSBuild\Current\Bin\Microsoft.Common.CurrentVersion.targets" from project "d:\.net Project\Stock_Forgeeee\Stock_Forgeeee.csproj" (target "ResolveReferences" depends on it):
Done building target "BeforeResolveReferences" in project "Stock_Forgeeee.csproj".
Target "AssignProjectConfiguration" skipped, due to false condition; ('$(CurrentSolutionConfigurationContents)' != '' or '@(ProjectReference)'!='') was evaluated as ('' != '' or ''!='').
Target "IgnoreJavaScriptOutputAssembly" in file "C:\Program Files\Microsoft Visual Studio\2022\Community\MSBuild\Current\Bin\Microsoft.Common.CurrentVersion.targets" from project "d:\.net Project\Stock_Forgeeee\Stock_Forgeeee.csproj" (target "AssignProjectConfiguration" depends on it):
Done building target "IgnoreJavaScriptOutputAssembly" in project "Stock_Forgeeee.csproj".
Target "AssignProjectConfiguration" skipped, due to false condition; ('$(CurrentSolutionConfigurationContents)' != '' or '@(ProjectReference)'!='') was evaluated as ('' != '' or ''!='').
Target "_SplitProjectReferencesByFileExistence" in file "C:\Program Files\Microsoft Visual Studio\2022\Community\MSBuild\Current\Bin\Microsoft.Common.CurrentVersion.targets" from project "d:\.net Project\Stock_Forgeeee\Stock_Forgeeee.csproj" (target "PrepareProjectReferences" depends on it):
Task "ResolveNonMSBuildProjectOutput" skipped, due to false condition; ('$(BuildingInsideVisualStudio)'=='true' and '@(ProjectReferenceWithConfiguration)'!='') was evaluated as (''=='true' and ''!='').
Done building target "_SplitProjectReferencesByFileExistence" in project "Stock_Forgeeee.csproj".
Target "_AddOutputPathToGlobalPropertiesToRemove" in file "C:\Program Files\Microsoft Visual Studio\2022\Community\MSBuild\Current\Bin\Microsoft.Common.CurrentVersion.targets" from project "d:\.net Project\Stock_Forgeeee\Stock_Forgeeee.csproj" (target "_GetProjectReferenceTargetFrameworkProperties" depends on it):
Done building target "_AddOutputPathToGlobalPropertiesToRemove" in project "Stock_Forgeeee.csproj".
Target "_GetProjectReferenceTargetFrameworkProperties" in file "C:\Program Files\Microsoft Visual Studio\2022\Community\MSBuild\Current\Bin\Microsoft.Common.CurrentVersion.targets" from project "d:\.net Project\Stock_Forgeeee\Stock_Forgeeee.csproj" (target "PrepareProjectReferences" depends on it):
Using "MSBuild" task from assembly "Microsoft.Build.Tasks.Core, Version=15.1.0.0, Culture=neutral, PublicKeyToken=b03f5f7f11d50a3a".
Task "MSBuild"
Done executing task "MSBuild".
Task "MSBuild" skipped, due to false condition; ('%(_MSBuildProjectReferenceExistent.SkipGetTargetFrameworkProperties)' != 'true' and '$(EnableDynamicPlatformResolution)' == 'true') was evaluated as ('' != 'true' and '' == 'true').
Task "GetReferenceNearestTargetFrameworkTask" skipped, due to false condition; ('@(_ProjectReferenceTargetFrameworkPossibilities)' != '' and '$(ReferringTargetFrameworkForProjectReferences)' != ''
                                                        And '$(GetReferenceNearestTargetFrameworkTaskSupportsTargetPlatformParameter)' == 'true' and '%(_ProjectReferenceTargetFrameworkPossibilities.IsVcxOrNativeProj)' != 'true') was evaluated as ('' != '' and '.NETFramework,Version=v4.7.2' != ''
                                                        And 'true' == 'true' and '' != 'true').
Task "GetReferenceNearestTargetFrameworkTask" skipped, due to false condition; ('@(_ProjectReferenceTargetFrameworkPossibilities)' != '' and '$(ReferringTargetFrameworkForProjectReferences)' != ''
                                                        And '$(GetReferenceNearestTargetFrameworkTaskSupportsTargetPlatformParameter)' != 'true' and '%(_ProjectReferenceTargetFrameworkPossibilities.IsVcxOrNativeProj)' != 'true') was evaluated as ('' != '' and '.NETFramework,Version=v4.7.2' != ''
                                                        And 'true' != 'true' and '' != 'true').
Using "SetRidAgnosticValueForProjects" task from assembly "Microsoft.Build.Tasks.Core, Version=15.1.0.0, Culture=neutral, PublicKeyToken=b03f5f7f11d50a3a".
Task "SetRidAgnosticValueForProjects"
Done executing task "SetRidAgnosticValueForProjects".
Done building target "_GetProjectReferenceTargetFrameworkProperties" in project "Stock_Forgeeee.csproj".
Target "_GetProjectReferencePlatformProperties" skipped, due to false condition; ('$(EnableDynamicPlatformResolution)' == 'true'
                     and '@(_MSBuildProjectReferenceExistent)' != '') was evaluated as ('' == 'true'
                     and '' != '').
Target "PrepareProjectReferences" in file "C:\Program Files\Microsoft Visual Studio\2022\Community\MSBuild\Current\Bin\Microsoft.Common.CurrentVersion.targets" from project "d:\.net Project\Stock_Forgeeee\Stock_Forgeeee.csproj" (target "ResolveProjectReferences" depends on it):
Done building target "PrepareProjectReferences" in project "Stock_Forgeeee.csproj".
Target "ResolveProjectReferences" in file "C:\Program Files\Microsoft Visual Studio\2022\Community\MSBuild\Current\Bin\Microsoft.Common.CurrentVersion.targets" from project "d:\.net Project\Stock_Forgeeee\Stock_Forgeeee.csproj" (target "ResolveReferences" depends on it):
Task "MSBuild" skipped, due to false condition; ('%(_MSBuildProjectReferenceExistent.BuildReference)' == 'true' and '@(ProjectReferenceWithConfiguration)' != '' and ('$(BuildingInsideVisualStudio)' == 'true' or '$(BuildProjectReferences)' != 'true') and '$(VisualStudioVersion)' != '10.0' and '@(_MSBuildProjectReferenceExistent)' != '') was evaluated as ('' == 'true' and '' != '' and ('' == 'true' or 'true' != 'true') and '17.0' != '10.0' and '' != '').
Task "MSBuild" skipped, due to false condition; ('%(_MSBuildProjectReferenceExistent.BuildReference)' == 'true' and '@(ProjectReferenceWithConfiguration)' != '' and '$(BuildingInsideVisualStudio)' != 'true' and '$(BuildProjectReferences)' == 'true' and '@(_MSBuildProjectReferenceExistent)' != '') was evaluated as ('' == 'true' and '' != '' and '' != 'true' and 'true' == 'true' and '' != '').
Task "MSBuild" skipped, due to false condition; ('%(_MSBuildProjectReferenceExistent.BuildReference)' == 'true' and '@(ProjectReferenceWithConfiguration)' != '' and '$(BuildingProject)' == 'true' and '@(_MSBuildProjectReferenceExistent)' != '') was evaluated as ('' == 'true' and '' != '' and 'true' == 'true' and '' != '').
Task "MSBuildInternalMessage" skipped, due to false condition; ('$(_NonExistentProjectReferenceSeverity)' != '') was evaluated as ('' != '').
Done building target "ResolveProjectReferences" in project "Stock_Forgeeee.csproj".
Target "FindInvalidProjectReferences" skipped, due to false condition; ('$(FindInvalidProjectReferences)' == 'true') was evaluated as ('' == 'true').
Target "ResolveNativeReferences" skipped, due to false condition; ('@(NativeReference)'!='') was evaluated as (''!='').
Target "ResolveProjectReferences" skipped. Previously built successfully.
Target "FindInvalidProjectReferences" skipped, due to false condition; ('$(FindInvalidProjectReferences)' == 'true') was evaluated as ('' == 'true').
Target "GetFrameworkPaths" skipped. Previously built successfully.
Target "GetReferenceAssemblyPaths" skipped. Previously built successfully.
Target "PrepareForBuild" skipped. Previously built successfully.
Target "GetInstalledSDKLocations" skipped, due to false condition; ('@(SDKReference)' != '') was evaluated as ('' != '').
Target "ResolveSDKReferences" in file "C:\Program Files\Microsoft Visual Studio\2022\Community\MSBuild\Current\Bin\Microsoft.Common.CurrentVersion.targets" from project "d:\.net Project\Stock_Forgeeee\Stock_Forgeeee.csproj" (target "ResolveAssemblyReferences" depends on it):
Task "ResolveSDKReference" skipped, due to false condition; ('@(SDKReference)'!='') was evaluated as (''!='').
Done building target "ResolveSDKReferences" in project "Stock_Forgeeee.csproj".
Target "ResolveSDKReferences" skipped. Previously built successfully.
Target "ExpandSDKReferences" in file "C:\Program Files\Microsoft Visual Studio\2022\Community\MSBuild\Current\Bin\Microsoft.Common.CurrentVersion.targets" from project "d:\.net Project\Stock_Forgeeee\Stock_Forgeeee.csproj" (target "ResolveAssemblyReferences" depends on it):
Task "GetSDKReferenceFiles" skipped, due to false condition; ('@(ResolvedSDKReference)'!='') was evaluated as (''!='').
Done building target "ExpandSDKReferences" in project "Stock_Forgeeee.csproj".
Target "ResolveNuGetPackageAssets" skipped, due to false condition; ('$(ResolveNuGetPackages)' == 'true' and exists('$(ProjectLockFile)')) was evaluated as ('true' == 'true' and exists('obj\project.assets.json')).
Target "ImplicitlyExpandNETStandardFacades" in file "C:\Program Files\Microsoft Visual Studio\2022\Community\MSBuild\Microsoft\Microsoft.NET.Build.Extensions\Microsoft.NET.Build.Extensions.NETFramework.targets" from project "d:\.net Project\Stock_Forgeeee\Stock_Forgeeee.csproj" (target "ResolveAssemblyReferences" depends on it):
Task "GetDependsOnNETStandard" skipped, due to false condition; ('$(_RunGetDependsOnNETStandard)' == 'true') was evaluated as ('' == 'true').
Task "NETBuildExtensionsError" skipped, due to false condition; ('$(DependsOnNETStandard)' == 'true' AND '$(NETStandardInbox)' != 'true' AND '$(_UsingOldSDK)' == 'true') was evaluated as ('' == 'true' AND 'true' != 'true' AND '' == 'true').
Task "AddFacadesToReferences" skipped, due to false condition; ('@(_NETStandardLibraryNETFrameworkLib)' != '') was evaluated as ('' != '').
Done building target "ImplicitlyExpandNETStandardFacades" in project "Stock_Forgeeee.csproj".
Target "GetFrameworkPaths" skipped. Previously built successfully.
Target "GetReferenceAssemblyPaths" skipped. Previously built successfully.
Target "_HandlePackageFileConflicts" in file "C:\Program Files\Microsoft Visual Studio\2022\Community\MSBuild\Microsoft\Microsoft.NET.Build.Extensions\Microsoft.NET.Build.Extensions.ConflictResolution.targets" from project "d:\.net Project\Stock_Forgeeee\Stock_Forgeeee.csproj" (target "ResolveAssemblyReferences" depends on it):
Using "ResolvePackageFileConflicts" task from assembly "C:\Program Files\Microsoft Visual Studio\2022\Community\MSBuild\Microsoft\Microsoft.NET.Build.Extensions\\tools\net472\Microsoft.NET.Build.Extensions.Tasks.dll".
Task "ResolvePackageFileConflicts"
Done executing task "ResolvePackageFileConflicts".
Done building target "_HandlePackageFileConflicts" in project "Stock_Forgeeee.csproj".
Target "ResolveAssemblyReferences" in file "C:\Program Files\Microsoft Visual Studio\2022\Community\MSBuild\Current\Bin\Microsoft.Common.CurrentVersion.targets" from project "d:\.net Project\Stock_Forgeeee\Stock_Forgeeee.csproj" (target "ResolveReferences" depends on it):
Using "ResolveAssemblyReference" task from assembly "Microsoft.Build.Tasks.Core, Version=15.1.0.0, Culture=neutral, PublicKeyToken=b03f5f7f11d50a3a".
Task "ResolveAssemblyReference"
  TargetFrameworkMoniker:
      .NETFramework,Version=v4.7.2
  TargetFrameworkMonikerDisplayName:
      .NET Framework 4.7.2
  TargetedRuntimeVersion:
      v4.0.30319
  Assemblies:
      Microsoft.CSharp
      System.Web.DynamicData
      System.Web.Entity
      System.Web.ApplicationServices
      System.ComponentModel.DataAnnotations
      System
      System.Data
      System.Data.DataSetExtensions
      System.Web.Extensions
      System.Xml.Linq
      System.Drawing
      System.Web
      System.Xml
      System.Configuration
      System.Web.Services
      System.EnterpriseServices
      Microsoft.CodeDom.Providers.DotNetCompilerPlatform
          HintPath = 'packages\Microsoft.CodeDom.Providers.DotNetCompilerPlatform.2.0.1\lib\net45\Microsoft.CodeDom.Providers.DotNetCompilerPlatform.dll'
      System.Core
  AssemblyFiles:
      C:\Program Files (x86)\Reference Assemblies\Microsoft\Framework\.NETFramework\v4.7.2\mscorlib.dll
  CandidateAssemblyFiles:
  TargetFrameworkDirectories:
      C:\Program Files (x86)\Reference Assemblies\Microsoft\Framework\.NETFramework\v4.7.2\,C:\Program Files (x86)\Reference Assemblies\Microsoft\Framework\.NETFramework\v4.7.2\Facades\
  NonCultureResourceDirectories:
      
  InstalledAssemblyTables:
  IgnoreInstalledAssemblyTable:
      False
  SearchPaths:
      {CandidateAssemblyFiles}
      {HintPathFromItem}
      {TargetFrameworkDirectory}
      {AssemblyFoldersFromConfig:C:\Program Files\Microsoft Visual Studio\2022\Community\MSBuild\Current\Bin\AssemblyFolders.config,v4.7.2}
      {Registry:Software\Microsoft\.NETFramework,v4.7.2,AssemblyFoldersEx}
      {AssemblyFolders}
      {GAC}
      {RawFileName}
      bin\
  AllowedAssemblyExtensions:
      .winmd
      .dll
      .exe
  AllowedRelatedFileExtensions:
      .pdb
      .xml
      .pri
      .dll.config
      .exe.config
  AppConfigFile:
      Web.config
  AutoUnify:
      False
  EnableCustomCulture:
      False
  CopyLocalDependenciesWhenParentReferenceInGac:
      True
  FindDependencies:
      True
  TargetProcessorArchitecture:
      msil
  StateFile:
      obj\Debug\Stock_Forgeeee.csproj.AssemblyReference.cache
  InstalledAssemblySubsetTables:
  IgnoreInstalledAssemblySubsetTable:
      False
  TargetFrameworkSubsets:
  FullTargetFrameworkSubsetNames:
      Full
  ProfileName:
      
  FullFrameworkFolders:
      C:\Program Files (x86)\Reference Assemblies\Microsoft\Framework\.NETFramework\v4.7.2\
  LatestTargetFrameworkDirectories:
  ProfileTablesLocation:
  Primary reference "mscorlib, Version=4.0.0.0, Culture=neutral, PublicKeyToken=b77a5c561934e089".
      Resolved file path is "C:\Program Files (x86)\Reference Assemblies\Microsoft\Framework\.NETFramework\v4.7.2\mscorlib.dll".
      Reference found at search path location "C:\Program Files (x86)\Reference Assemblies\Microsoft\Framework\.NETFramework\v4.7.2\mscorlib.dll".
      This reference is not "CopyLocal" because it's a prerequisite file.
  Primary reference "Microsoft.CSharp, Version=4.0.0.0, Culture=neutral, PublicKeyToken=b03f5f7f11d50a3a".
      Resolved file path is "C:\Program Files (x86)\Reference Assemblies\Microsoft\Framework\.NETFramework\v4.7.2\Microsoft.CSharp.dll".
      Reference found at search path location "{TargetFrameworkDirectory}".
          For SearchPath "{TargetFrameworkDirectory}".
          Considered "C:\Program Files (x86)\Reference Assemblies\Microsoft\Framework\.NETFramework\v4.7.2\Microsoft.CSharp.winmd", but it didn't exist.
      This reference is not "CopyLocal" because it's a prerequisite file.
  Primary reference "System.Web.DynamicData, Version=4.0.0.0, Culture=neutral, PublicKeyToken=31bf3856ad364e35".
      Resolved file path is "C:\Program Files (x86)\Reference Assemblies\Microsoft\Framework\.NETFramework\v4.7.2\System.Web.DynamicData.dll".
      Reference found at search path location "{TargetFrameworkDirectory}".
          For SearchPath "{TargetFrameworkDirectory}".
          Considered "C:\Program Files (x86)\Reference Assemblies\Microsoft\Framework\.NETFramework\v4.7.2\System.Web.DynamicData.winmd", but it didn't exist.
      This reference is not "CopyLocal" because it's a prerequisite file.
  Primary reference "System.Web.Entity, Version=4.0.0.0, Culture=neutral, PublicKeyToken=b77a5c561934e089".
      Resolved file path is "C:\Program Files (x86)\Reference Assemblies\Microsoft\Framework\.NETFramework\v4.7.2\System.Web.Entity.dll".
      Reference found at search path location "{TargetFrameworkDirectory}".
          For SearchPath "{TargetFrameworkDirectory}".
          Considered "C:\Program Files (x86)\Reference Assemblies\Microsoft\Framework\.NETFramework\v4.7.2\System.Web.Entity.winmd", but it didn't exist.
      This reference is not "CopyLocal" because it's a prerequisite file.
  Primary reference "System.Web.ApplicationServices, Version=4.0.0.0, Culture=neutral, PublicKeyToken=31bf3856ad364e35".
      Resolved file path is "C:\Program Files (x86)\Reference Assemblies\Microsoft\Framework\.NETFramework\v4.7.2\System.Web.ApplicationServices.dll".
      Reference found at search path location "{TargetFrameworkDirectory}".
          For SearchPath "{TargetFrameworkDirectory}".
          Considered "C:\Program Files (x86)\Reference Assemblies\Microsoft\Framework\.NETFramework\v4.7.2\System.Web.ApplicationServices.winmd", but it didn't exist.
      This reference is not "CopyLocal" because it's a prerequisite file.
  Primary reference "System.ComponentModel.DataAnnotations, Version=4.0.0.0, Culture=neutral, PublicKeyToken=31bf3856ad364e35".
      Resolved file path is "C:\Program Files (x86)\Reference Assemblies\Microsoft\Framework\.NETFramework\v4.7.2\System.ComponentModel.DataAnnotations.dll".
      Reference found at search path location "{TargetFrameworkDirectory}".
          For SearchPath "{TargetFrameworkDirectory}".
          Considered "C:\Program Files (x86)\Reference Assemblies\Microsoft\Framework\.NETFramework\v4.7.2\System.ComponentModel.DataAnnotations.winmd", but it didn't exist.
      This reference is not "CopyLocal" because it's a prerequisite file.
  Primary reference "System, Version=4.0.0.0, Culture=neutral, PublicKeyToken=b77a5c561934e089".
      Resolved file path is "C:\Program Files (x86)\Reference Assemblies\Microsoft\Framework\.NETFramework\v4.7.2\System.dll".
      Reference found at search path location "{TargetFrameworkDirectory}".
          For SearchPath "{TargetFrameworkDirectory}".
          Considered "C:\Program Files (x86)\Reference Assemblies\Microsoft\Framework\.NETFramework\v4.7.2\System.winmd", but it didn't exist.
      This reference is not "CopyLocal" because it's a prerequisite file.
  Primary reference "System.Data, Version=4.0.0.0, Culture=neutral, PublicKeyToken=b77a5c561934e089".
      Resolved file path is "C:\Program Files (x86)\Reference Assemblies\Microsoft\Framework\.NETFramework\v4.7.2\System.Data.dll".
      Reference found at search path location "{TargetFrameworkDirectory}".
          For SearchPath "{TargetFrameworkDirectory}".
          Considered "C:\Program Files (x86)\Reference Assemblies\Microsoft\Framework\.NETFramework\v4.7.2\System.Data.winmd", but it didn't exist.
      This reference is not "CopyLocal" because it's a prerequisite file.
  Primary reference "System.Data.DataSetExtensions, Version=4.0.0.0, Culture=neutral, PublicKeyToken=b77a5c561934e089".
      Resolved file path is "C:\Program Files (x86)\Reference Assemblies\Microsoft\Framework\.NETFramework\v4.7.2\System.Data.DataSetExtensions.dll".
      Reference found at search path location "{TargetFrameworkDirectory}".
          For SearchPath "{TargetFrameworkDirectory}".
          Considered "C:\Program Files (x86)\Reference Assemblies\Microsoft\Framework\.NETFramework\v4.7.2\System.Data.DataSetExtensions.winmd", but it didn't exist.
      This reference is not "CopyLocal" because it's a prerequisite file.
  Primary reference "System.Web.Extensions, Version=4.0.0.0, Culture=neutral, PublicKeyToken=31bf3856ad364e35".
      Resolved file path is "C:\Program Files (x86)\Reference Assemblies\Microsoft\Framework\.NETFramework\v4.7.2\System.Web.Extensions.dll".
      Reference found at search path location "{TargetFrameworkDirectory}".
          For SearchPath "{TargetFrameworkDirectory}".
          Considered "C:\Program Files (x86)\Reference Assemblies\Microsoft\Framework\.NETFramework\v4.7.2\System.Web.Extensions.winmd", but it didn't exist.
      This reference is not "CopyLocal" because it's a prerequisite file.
  Primary reference "System.Xml.Linq, Version=4.0.0.0, Culture=neutral, PublicKeyToken=b77a5c561934e089".
      Resolved file path is "C:\Program Files (x86)\Reference Assemblies\Microsoft\Framework\.NETFramework\v4.7.2\System.Xml.Linq.dll".
      Reference found at search path location "{TargetFrameworkDirectory}".
          For SearchPath "{TargetFrameworkDirectory}".
          Considered "C:\Program Files (x86)\Reference Assemblies\Microsoft\Framework\.NETFramework\v4.7.2\System.Xml.Linq.winmd", but it didn't exist.
      This reference is not "CopyLocal" because it's a prerequisite file.
  Primary reference "System.Drawing, Version=4.0.0.0, Culture=neutral, PublicKeyToken=b03f5f7f11d50a3a".
      Resolved file path is "C:\Program Files (x86)\Reference Assemblies\Microsoft\Framework\.NETFramework\v4.7.2\System.Drawing.dll".
      Reference found at search path location "{TargetFrameworkDirectory}".
          For SearchPath "{TargetFrameworkDirectory}".
          Considered "C:\Program Files (x86)\Reference Assemblies\Microsoft\Framework\.NETFramework\v4.7.2\System.Drawing.winmd", but it didn't exist.
      This reference is not "CopyLocal" because it's a prerequisite file.
  Primary reference "System.Web, Version=4.0.0.0, Culture=neutral, PublicKeyToken=b03f5f7f11d50a3a".
      Resolved file path is "C:\Program Files (x86)\Reference Assemblies\Microsoft\Framework\.NETFramework\v4.7.2\System.Web.dll".
      Reference found at search path location "{TargetFrameworkDirectory}".
          For SearchPath "{TargetFrameworkDirectory}".
          Considered "C:\Program Files (x86)\Reference Assemblies\Microsoft\Framework\.NETFramework\v4.7.2\System.Web.winmd", but it didn't exist.
      This reference is not "CopyLocal" because it's a prerequisite file.
  Primary reference "System.Xml, Version=4.0.0.0, Culture=neutral, PublicKeyToken=b77a5c561934e089".
      Resolved file path is "C:\Program Files (x86)\Reference Assemblies\Microsoft\Framework\.NETFramework\v4.7.2\System.Xml.dll".
      Reference found at search path location "{TargetFrameworkDirectory}".
          For SearchPath "{TargetFrameworkDirectory}".
          Considered "C:\Program Files (x86)\Reference Assemblies\Microsoft\Framework\.NETFramework\v4.7.2\System.Xml.winmd", but it didn't exist.
      This reference is not "CopyLocal" because it's a prerequisite file.
  Primary reference "System.Configuration, Version=4.0.0.0, Culture=neutral, PublicKeyToken=b03f5f7f11d50a3a".
      Resolved file path is "C:\Program Files (x86)\Reference Assemblies\Microsoft\Framework\.NETFramework\v4.7.2\System.Configuration.dll".
      Reference found at search path location "{TargetFrameworkDirectory}".
          For SearchPath "{TargetFrameworkDirectory}".
          Considered "C:\Program Files (x86)\Reference Assemblies\Microsoft\Framework\.NETFramework\v4.7.2\System.Configuration.winmd", but it didn't exist.
      This reference is not "CopyLocal" because it's a prerequisite file.
  Primary reference "System.Web.Services, Version=4.0.0.0, Culture=neutral, PublicKeyToken=b03f5f7f11d50a3a".
      Resolved file path is "C:\Program Files (x86)\Reference Assemblies\Microsoft\Framework\.NETFramework\v4.7.2\System.Web.Services.dll".
      Reference found at search path location "{TargetFrameworkDirectory}".
          For SearchPath "{TargetFrameworkDirectory}".
          Considered "C:\Program Files (x86)\Reference Assemblies\Microsoft\Framework\.NETFramework\v4.7.2\System.Web.Services.winmd", but it didn't exist.
      This reference is not "CopyLocal" because it's a prerequisite file.
  Primary reference "System.EnterpriseServices, Version=4.0.0.0, Culture=neutral, PublicKeyToken=b03f5f7f11d50a3a".
      Resolved file path is "C:\Program Files (x86)\Reference Assemblies\Microsoft\Framework\.NETFramework\v4.7.2\System.EnterpriseServices.dll".
      Reference found at search path location "{TargetFrameworkDirectory}".
          For SearchPath "{TargetFrameworkDirectory}".
          Considered "C:\Program Files (x86)\Reference Assemblies\Microsoft\Framework\.NETFramework\v4.7.2\System.EnterpriseServices.winmd", but it didn't exist.
      This reference is not "CopyLocal" because it's a prerequisite file.
  Primary reference "Microsoft.CodeDom.Providers.DotNetCompilerPlatform, Version=2.0.1.0, Culture=neutral, PublicKeyToken=31bf3856ad364e35".
      Resolved file path is "d:\.net Project\Stock_Forgeeee\packages\Microsoft.CodeDom.Providers.DotNetCompilerPlatform.2.0.1\lib\net45\Microsoft.CodeDom.Providers.DotNetCompilerPlatform.dll".
      Reference found at search path location "{HintPathFromItem}".
      Found related file "d:\.net Project\Stock_Forgeeee\packages\Microsoft.CodeDom.Providers.DotNetCompilerPlatform.2.0.1\lib\net45\Microsoft.CodeDom.Providers.DotNetCompilerPlatform.xml".
  Primary reference "System.Core, Version=4.0.0.0, Culture=neutral, PublicKeyToken=b77a5c561934e089".
      Resolved file path is "C:\Program Files (x86)\Reference Assemblies\Microsoft\Framework\.NETFramework\v4.7.2\System.Core.dll".
      Reference found at search path location "{TargetFrameworkDirectory}".
          For SearchPath "{TargetFrameworkDirectory}".
          Considered "C:\Program Files (x86)\Reference Assemblies\Microsoft\Framework\.NETFramework\v4.7.2\System.Core.winmd", but it didn't exist.
      This reference is not "CopyLocal" because it's a prerequisite file.
Done executing task "ResolveAssemblyReference".
Done building target "ResolveAssemblyReferences" in project "Stock_Forgeeee.csproj".
Target "GenerateBindingRedirects" skipped, due to false condition; ('$(AutoGenerateBindingRedirects)' == 'true' and '$(GenerateBindingRedirectsOutputType)' == 'true' and '@(SuggestedBindingRedirects)' != '' and '$(DesignTimeBuild)' != 'true' and '$(BuildingProject)' == 'true') was evaluated as ('true' == 'true' and '' == 'true' and '' != '' and '' != 'true' and 'true' == 'true').
Target "ResolveAssemblyReferences" skipped. Previously built successfully.
Target "_RemoveZipFileSuggestedRedirect" in file "C:\Program Files\Microsoft Visual Studio\2022\Community\MSBuild\Microsoft\Microsoft.NET.Build.Extensions\Microsoft.NET.Build.Extensions.NETFramework.targets" from project "d:\.net Project\Stock_Forgeeee\Stock_Forgeeee.csproj" (target "GenerateBindingRedirects" depends on it):
Done building target "_RemoveZipFileSuggestedRedirect" in project "Stock_Forgeeee.csproj".
Target "GenerateBindingRedirectsUpdateAppConfig" skipped, due to false condition; ('$(AutoGenerateBindingRedirects)' == 'true' and '$(GenerateBindingRedirectsOutputType)' == 'true') was evaluated as ('true' == 'true' and '' == 'true').
Target "ResolveComReferences" skipped, due to false condition; ('@(COMReference)'!='' or '@(COMFileReference)'!='') was evaluated as (''!='' or ''!='').
Target "AfterResolveReferences" in file "C:\Program Files\Microsoft Visual Studio\2022\Community\MSBuild\Current\Bin\Microsoft.Common.CurrentVersion.targets" from project "d:\.net Project\Stock_Forgeeee\Stock_Forgeeee.csproj" (target "ResolveReferences" depends on it):
Done building target "AfterResolveReferences" in project "Stock_Forgeeee.csproj".
Target "GetReferenceAssemblyPaths" skipped. Previously built successfully.
Target "ImplicitlyExpandDesignTimeFacades" in file "C:\Program Files\Microsoft Visual Studio\2022\Community\MSBuild\Current\Bin\Microsoft.NETFramework.CurrentVersion.targets" from project "d:\.net Project\Stock_Forgeeee\Stock_Forgeeee.csproj" (target "ResolveReferences" depends on it):
Done building target "ImplicitlyExpandDesignTimeFacades" in project "Stock_Forgeeee.csproj".
Target "ResolveTestReferences" skipped, due to false condition; ('@(Shadow)'!='') was evaluated as (''!='').
Target "ResolveReferences" in file "C:\Program Files\Microsoft Visual Studio\2022\Community\MSBuild\Current\Bin\Microsoft.Common.CurrentVersion.targets" from project "d:\.net Project\Stock_Forgeeee\Stock_Forgeeee.csproj" (target "CoreBuild" depends on it):
Done building target "ResolveReferences" in project "Stock_Forgeeee.csproj".
Target "ResolveNuGetPackageAssets" skipped, due to false condition; ('$(ResolveNuGetPackages)' == 'true' and exists('$(ProjectLockFile)')) was evaluated as ('true' == 'true' and exists('obj\project.assets.json')).
Target "ValidationExtension" in file "C:\Windows\Microsoft.NET\Framework\v4.0.30319\Microsoft.WorkflowBuildExtensions.targets" from project "d:\.net Project\Stock_Forgeeee\Stock_Forgeeee.csproj" (target "PrepareResources" depends on it):
Task "WorkflowBuildMessageTask" skipped, due to false condition; ('$(SkipWorkflowValidation)'!='' and '$(SkipWorkflowValidation)'!='true' and '$(SkipWorkflowValidation)'!='false') was evaluated as (''!='' and ''!='true' and ''!='false').
Done building target "ValidationExtension" in project "Stock_Forgeeee.csproj".
Target "ExpressionBuildExtension" in file "C:\Windows\Microsoft.NET\Framework\v4.0.30319\Microsoft.WorkflowBuildExtensions.targets" from project "d:\.net Project\Stock_Forgeeee\Stock_Forgeeee.csproj" (target "PrepareResources" depends on it):
Task "WorkflowBuildMessageTask" skipped, due to false condition; ('$(DisableWorkflowCompiledExpressions)'!='' and '$(DisableWorkflowCompiledExpressions)'!='true' and '$(DisableWorkflowCompiledExpressions)'!='false') was evaluated as (''!='' and ''!='true' and ''!='false').
Done building target "ExpressionBuildExtension" in project "Stock_Forgeeee.csproj".
Target "XamlMarkupCompilePass1" skipped, due to false condition; ('@(XamlPage)' != '' or '@(XamlAppDef)' != '') was evaluated as ('' != '' or '' != '').
Target "XamlMarkupCompileReadGeneratedFileList" skipped, due to false condition; ('@(XamlPage)' != '' or '@(XamlAppDef)' != '') was evaluated as ('' != '' or '' != '').
Target "XamlMarkupCompileAddFilesGenerated" skipped, due to false condition; ('@(XamlPage)' != '' or '@(XamlAppDef)' != '') was evaluated as ('' != '' or '' != '').
Target "XamlMarkupCompilePass2" skipped, due to false condition; ('$(XamlRequiresCompilationPass2)' == 'true' ) was evaluated as ('false' == 'true' ).
Target "XamlMarkupCompileReadPass2Flag" skipped, due to false condition; ('@(XamlPage)' != '' or '@(XamlAppDef)' != '') was evaluated as ('' != '' or '' != '').
Target "XamlMarkupCompileAddExtensionFilesGenerated" skipped, due to false condition; ('@(XamlPage)' != '' or '@(XamlAppDef)' != '') was evaluated as ('' != '' or '' != '').
Target "AddDeferredValidationErrorsFileToFileWrites" skipped, due to false condition; (Exists('$(DeferredValidationErrorsFileName)')) was evaluated as (Exists('obj\Debug\\AC2C1ABA-CCF6-44D4-8127-588FD4D0A860-DeferredValidationErrors.xml')).
Target "ReportValidationBuildExtensionErrors" skipped, due to false condition; ('$(SkipWorkflowValidation)' != 'true' and ('@(XamlPage)' != '' or '@(XamlAppDef)' != '')) was evaluated as ('' != 'true' and ('' != '' or '' != '')).
Target "MarkupCompilePass1" skipped, due to false condition; ('@(Page)' != '' or '@(ApplicationDefinition)' != '' ) was evaluated as ('' != '' or '' != '' ).
Target "AfterMarkupCompilePass1" in file "C:\Windows\Microsoft.NET\Framework\v4.0.30319\Microsoft.WinFx.targets" from project "d:\.net Project\Stock_Forgeeee\Stock_Forgeeee.csproj" (target "PrepareResources" depends on it):
Done building target "AfterMarkupCompilePass1" in project "Stock_Forgeeee.csproj".
Target "MarkupCompilePass2ForMainAssembly" skipped, due to false condition; ('$(_RequireMCPass2ForMainAssembly)' == 'true' ) was evaluated as ('false' == 'true' ).
Target "FileClassification" in file "C:\Windows\Microsoft.NET\Framework\v4.0.30319\Microsoft.WinFx.targets" from project "d:\.net Project\Stock_Forgeeee\Stock_Forgeeee.csproj" (target "PrepareResources" depends on it):
Task "FileClassifier" skipped, due to false condition; ('@(GeneratedBaml)' != '' or '@(Resource)' != '' or '@(Font)' != '') was evaluated as ('' != '' or '' != '' or '' != '').
Task "Message" skipped, due to false condition; ('$(MSBuildTargetsVerbose)'=='true') was evaluated as (''=='true').
Task "Message" skipped, due to false condition; ('$(MSBuildTargetsVerbose)'=='true') was evaluated as (''=='true').
Done building target "FileClassification" in project "Stock_Forgeeee.csproj".
Target "MainResourcesGeneration" skipped, due to false condition; ('@(MainEmbeddedFiles)' != '') was evaluated as ('' != '').
Target "AssignWinFXEmbeddedResource" skipped, due to false condition; ('@(WinFXEmbeddedResource)' != '') was evaluated as ('' != '').
Target "CopyAdditionalFiles" in file "C:\Program Files\Microsoft Visual Studio\2022\Community\MSBuild\Current\Bin\Roslyn\Microsoft.Managed.Core.targets" from project "d:\.net Project\Stock_Forgeeee\Stock_Forgeeee.csproj" (target "AssignTargetPaths" depends on it):
Done building target "CopyAdditionalFiles" in project "Stock_Forgeeee.csproj".
Target "AssignTargetPaths" in file "C:\Program Files\Microsoft Visual Studio\2022\Community\MSBuild\Current\Bin\Microsoft.Common.CurrentVersion.targets" from project "d:\.net Project\Stock_Forgeeee\Stock_Forgeeee.csproj" (target "PrepareResourceNames" depends on it):
Using "AssignTargetPath" task from assembly "Microsoft.Build.Tasks.Core, Version=15.1.0.0, Culture=neutral, PublicKeyToken=b03f5f7f11d50a3a".
Task "AssignTargetPath"
Done executing task "AssignTargetPath".
Task "AssignTargetPath"
Done executing task "AssignTargetPath".
Task "AssignTargetPath"
Done executing task "AssignTargetPath".
Task "AssignTargetPath"
Done executing task "AssignTargetPath".
Task "AssignTargetPath" skipped, due to false condition; ('@(_DeploymentBaseManifestWithTargetPath)'=='' and '%(None.Extension)'=='.manifest') was evaluated as (''=='' and '.config'=='.manifest').
Done building target "AssignTargetPaths" in project "Stock_Forgeeee.csproj".
Target "AssignTargetPaths" skipped. Previously built successfully.
Target "SplitResourcesByCulture" in file "C:\Program Files\Microsoft Visual Studio\2022\Community\MSBuild\Current\Bin\Microsoft.Common.CurrentVersion.targets" from project "d:\.net Project\Stock_Forgeeee\Stock_Forgeeee.csproj" (target "PrepareResourceNames" depends on it):
Task "MSBuildInternalMessage" skipped, due to false condition; ('@(ResxWithNoCulture)'!='') was evaluated as (''!='').
Task "MSBuildInternalMessage" skipped, due to false condition; ('@(ResxWithCulture)'!='') was evaluated as (''!='').
Task "MSBuildInternalMessage" skipped, due to false condition; ('@(NonResxWithCulture)'!='') was evaluated as (''!='').
Task "MSBuildInternalMessage" skipped, due to false condition; ('@(NonResxWithNoCulture)'!='') was evaluated as (''!='').
Using "AssignCulture" task from assembly "Microsoft.Build.Tasks.Core, Version=15.1.0.0, Culture=neutral, PublicKeyToken=b03f5f7f11d50a3a".
Task "AssignCulture"
Done executing task "AssignCulture".
Done building target "SplitResourcesByCulture" in project "Stock_Forgeeee.csproj".
Target "CreateManifestResourceNames" skipped, due to false condition; ('@(EmbeddedResource)' != '') was evaluated as ('' != '').
Target "CreateCustomManifestResourceNames" in file "C:\Program Files\Microsoft Visual Studio\2022\Community\MSBuild\Current\Bin\Microsoft.Common.CurrentVersion.targets" from project "d:\.net Project\Stock_Forgeeee\Stock_Forgeeee.csproj" (target "PrepareResourceNames" depends on it):
Done building target "CreateCustomManifestResourceNames" in project "Stock_Forgeeee.csproj".
Target "PrepareResourceNames" in file "C:\Program Files\Microsoft Visual Studio\2022\Community\MSBuild\Current\Bin\Microsoft.Common.CurrentVersion.targets" from project "d:\.net Project\Stock_Forgeeee\Stock_Forgeeee.csproj" (target "PrepareResources" depends on it):
Done building target "PrepareResourceNames" in project "Stock_Forgeeee.csproj".
Target "ResolveAssemblyReferences" skipped. Previously built successfully.
Target "SplitResourcesByCulture" skipped. Previously built successfully.
Target "BeforeResGen" in file "C:\Program Files\Microsoft Visual Studio\2022\Community\MSBuild\Current\Bin\Microsoft.Common.CurrentVersion.targets" from project "d:\.net Project\Stock_Forgeeee\Stock_Forgeeee.csproj" (target "ResGen" depends on it):
Done building target "BeforeResGen" in project "Stock_Forgeeee.csproj".
Target "ResolveReferences" skipped. Previously built successfully.
Target "FindReferenceAssembliesForReferences" in file "C:\Program Files\Microsoft Visual Studio\2022\Community\MSBuild\Current\Bin\Microsoft.Common.CurrentVersion.targets" from project "d:\.net Project\Stock_Forgeeee\Stock_Forgeeee.csproj" (target "CoreResGen" depends on it):
Done building target "FindReferenceAssembliesForReferences" in project "Stock_Forgeeee.csproj".
Target "CoreResGen" in file "C:\Program Files\Microsoft Visual Studio\2022\Community\MSBuild\Current\Bin\Microsoft.Common.CurrentVersion.targets" from project "d:\.net Project\Stock_Forgeeee\Stock_Forgeeee.csproj" (target "ResGen" depends on it):
Task "GenerateResource" skipped, due to false condition; ('%(EmbeddedResource.Type)' == 'Resx' and '%(EmbeddedResource.GenerateResource)' != 'false' and '$(GenerateResourceMSBuildRuntime)' != 'CLR2') was evaluated as ('' == 'Resx' and '' != 'false' and 'CurrentRuntime' != 'CLR2').
Task "GenerateResource" skipped, due to false condition; ('%(EmbeddedResource.Type)' == 'Resx' and '%(EmbeddedResource.GenerateResource)' != 'false' and '$(GenerateResourceMSBuildRuntime)' == 'CLR2') was evaluated as ('' == 'Resx' and '' != 'false' and 'CurrentRuntime' == 'CLR2').
Done building target "CoreResGen" in project "Stock_Forgeeee.csproj".
Target "AfterResGen" in file "C:\Program Files\Microsoft Visual Studio\2022\Community\MSBuild\Current\Bin\Microsoft.Common.CurrentVersion.targets" from project "d:\.net Project\Stock_Forgeeee\Stock_Forgeeee.csproj" (target "ResGen" depends on it):
Done building target "AfterResGen" in project "Stock_Forgeeee.csproj".
Target "ResGen" in file "C:\Program Files\Microsoft Visual Studio\2022\Community\MSBuild\Current\Bin\Microsoft.Common.CurrentVersion.targets" from project "d:\.net Project\Stock_Forgeeee\Stock_Forgeeee.csproj" (target "PrepareResources" depends on it):
Done building target "ResGen" in project "Stock_Forgeeee.csproj".
Target "CompileLicxFiles" skipped, due to false condition; ('@(_LicxFile)'!='') was evaluated as (''!='').
Target "PrepareResources" in file "C:\Program Files\Microsoft Visual Studio\2022\Community\MSBuild\Current\Bin\Microsoft.Common.CurrentVersion.targets" from project "d:\.net Project\Stock_Forgeeee\Stock_Forgeeee.csproj" (target "CoreBuild" depends on it):
Done building target "PrepareResources" in project "Stock_Forgeeee.csproj".
Target "ResolveKeySource" skipped, due to false condition; ($(SignManifests) == 'true' or $(SignAssembly) == 'true') was evaluated as ( == 'true' or  == 'true').
Target "ResolveReferences" skipped. Previously built successfully.
Target "ResolveKeySource" skipped, due to false condition; ($(SignManifests) == 'true' or $(SignAssembly) == 'true') was evaluated as ( == 'true' or  == 'true').
Target "ResolveComReferences" skipped, due to false condition; ('@(COMReference)'!='' or '@(COMFileReference)'!='') was evaluated as (''!='' or ''!='').
Target "ResolveNativeReferences" skipped, due to false condition; ('@(NativeReference)'!='') was evaluated as (''!='').
Target "_SetExternalWin32ManifestProperties" skipped, due to false condition; ('$(GenerateClickOnceManifests)'=='true' or '@(NativeReference)'!='' or '@(ResolvedIsolatedComModules)'!='') was evaluated as (''=='true' or ''!='' or ''!='').
Target "_SetEmbeddedWin32ManifestProperties" in file "C:\Program Files\Microsoft Visual Studio\2022\Community\MSBuild\Current\Bin\Microsoft.Common.CurrentVersion.targets" from project "d:\.net Project\Stock_Forgeeee\Stock_Forgeeee.csproj" (target "SetWin32ManifestProperties" depends on it):
Using "GetFrameworkPath" task from assembly "Microsoft.Build.Tasks.Core, Version=15.1.0.0, Culture=neutral, PublicKeyToken=b03f5f7f11d50a3a".
Task "GetFrameworkPath"
Done executing task "GetFrameworkPath".
C:\Program Files\Microsoft Visual Studio\2022\Community\MSBuild\Current\Bin\Microsoft.Common.CurrentVersion.targets(4219,7): message : Property reassignment: $(EmbeddedWin32Manifest)="C:\Windows\Microsoft.NET\Framework\v4.0.30319\default.win32manifest" (previous value: "") at C:\Program Files\Microsoft Visual Studio\2022\Community\MSBuild\Current\Bin\Microsoft.Common.CurrentVersion.targets (4219,7) [d:\.net Project\Stock_Forgeeee\Stock_Forgeeee.csproj]
Done building target "_SetEmbeddedWin32ManifestProperties" in project "Stock_Forgeeee.csproj".
Target "SetWin32ManifestProperties" in file "C:\Program Files\Microsoft Visual Studio\2022\Community\MSBuild\Current\Bin\Microsoft.Common.CurrentVersion.targets" from project "d:\.net Project\Stock_Forgeeee\Stock_Forgeeee.csproj" (target "Compile" depends on it):
Done building target "SetWin32ManifestProperties" in project "Stock_Forgeeee.csproj".
Target "_SetPreferNativeArm64Win32ManifestProperties" skipped, due to false condition; ( '$(PreferNativeArm64)'=='true' and '$(NoWin32Manifest)'!='true') was evaluated as ( ''=='true' and ''!='true').
Target "FindReferenceAssembliesForReferences" skipped. Previously built successfully.
Target "_GenerateCompileInputs" in file "C:\Program Files\Microsoft Visual Studio\2022\Community\MSBuild\Current\Bin\Microsoft.Common.CurrentVersion.targets" from project "d:\.net Project\Stock_Forgeeee\Stock_Forgeeee.csproj" (target "Compile" depends on it):
Task "MSBuildInternalMessage" skipped, due to false condition; ('@(ManifestResourceWithNoCulture)'!='' and '%(ManifestResourceWithNoCulture.EmittedForCompatibilityOnly)'=='') was evaluated as (''!='' and ''=='').
Task "MSBuildInternalMessage" skipped, due to false condition; ('@(ManifestNonResxWithNoCultureOnDisk)'!='' and '%(ManifestNonResxWithNoCultureOnDisk.EmittedForCompatibilityOnly)'=='') was evaluated as (''!='' and ''=='').
Done building target "_GenerateCompileInputs" in project "Stock_Forgeeee.csproj".
Target "PrepareForBuild" skipped. Previously built successfully.
Target "GenerateMSBuildEditorConfigFileShouldRun" in file "C:\Program Files\Microsoft Visual Studio\2022\Community\MSBuild\Current\Bin\Roslyn\Microsoft.Managed.Core.targets" from project "d:\.net Project\Stock_Forgeeee\Stock_Forgeeee.csproj" (target "GenerateMSBuildEditorConfigFile" depends on it):
Done building target "GenerateMSBuildEditorConfigFileShouldRun" in project "Stock_Forgeeee.csproj".
Target "GenerateMSBuildEditorConfigFileCore" skipped, due to false condition; ('$(_GeneratedEditorConfigShouldRun)' == 'true') was evaluated as ('' == 'true').
Target "GenerateMSBuildEditorConfigFile" in file "C:\Program Files\Microsoft Visual Studio\2022\Community\MSBuild\Current\Bin\Roslyn\Microsoft.Managed.Core.targets" from project "d:\.net Project\Stock_Forgeeee\Stock_Forgeeee.csproj" (target "BeforeCompile" depends on it):
Done building target "GenerateMSBuildEditorConfigFile" in project "Stock_Forgeeee.csproj".
Target "PrepareForBuild" skipped. Previously built successfully.
Target "GetReferenceAssemblyPaths" skipped. Previously built successfully.
Target "_SetTargetFrameworkMonikerAttribute" in file "C:\Program Files\Microsoft Visual Studio\2022\Community\MSBuild\Current\Bin\Microsoft.CSharp.CurrentVersion.targets" from project "d:\.net Project\Stock_Forgeeee\Stock_Forgeeee.csproj" (target "GenerateTargetFrameworkMonikerAttribute" depends on it):
Done building target "_SetTargetFrameworkMonikerAttribute" in project "Stock_Forgeeee.csproj".
Target "GenerateTargetFrameworkMonikerAttribute" in file "C:\Program Files\Microsoft Visual Studio\2022\Community\MSBuild\Current\Bin\Microsoft.Common.CurrentVersion.targets" from project "d:\.net Project\Stock_Forgeeee\Stock_Forgeeee.csproj" (target "BeforeCompile" depends on it):
Skipping target "GenerateTargetFrameworkMonikerAttribute" because all output files are up-to-date with respect to the input files.
Input files: C:\Program Files\Microsoft Visual Studio\2022\Community\MSBuild\Current\Bin\Microsoft.Common.targets
Output files: obj\Debug\.NETFramework,Version=v4.7.2.AssemblyAttributes.cs
Done building target "GenerateTargetFrameworkMonikerAttribute" in project "Stock_Forgeeee.csproj".
Target "GenerateAdditionalSources" skipped, due to false condition; ('@(AssemblyAttributes)' != '' and '$(GenerateAdditionalSources)' == 'true') was evaluated as ('' != '' and '' == 'true').
Target "BeforeCompile" in file "C:\Program Files\Microsoft Visual Studio\2022\Community\MSBuild\Current\Bin\Microsoft.Common.CurrentVersion.targets" from project "d:\.net Project\Stock_Forgeeee\Stock_Forgeeee.csproj" (target "Compile" depends on it):
Done building target "BeforeCompile" in project "Stock_Forgeeee.csproj".
Target "_TimeStampBeforeCompile" skipped, due to false condition; ('$(RunPostBuildEvent)'=='OnOutputUpdated' or ('$(RegisterForComInterop)'=='true' and '$(OutputType)'=='library')) was evaluated as (''=='OnOutputUpdated' or (''=='true' and 'Library'=='library')).
Target "ResolveAssemblyReferences" skipped. Previously built successfully.
Target "_GenerateCompileInputs" skipped. Previously built successfully.
Target "_GenerateCompileDependencyCache" in file "C:\Program Files\Microsoft Visual Studio\2022\Community\MSBuild\Current\Bin\Microsoft.Common.CurrentVersion.targets" from project "d:\.net Project\Stock_Forgeeee\Stock_Forgeeee.csproj" (target "Compile" depends on it):
Using "Hash" task from assembly "Microsoft.Build.Tasks.Core, Version=15.1.0.0, Culture=neutral, PublicKeyToken=b03f5f7f11d50a3a".
Task "Hash"
Done executing task "Hash".
Using "WriteLinesToFile" task from assembly "Microsoft.Build.Tasks.Core, Version=15.1.0.0, Culture=neutral, PublicKeyToken=b03f5f7f11d50a3a".
Task "WriteLinesToFile"
  Skipping write to file "obj\Debug\Stock_Forgeeee.csproj.CoreCompileInputs.cache" because content would not change.
Done executing task "WriteLinesToFile".
Done building target "_GenerateCompileDependencyCache" in project "Stock_Forgeeee.csproj".
Target "_ComputeNonExistentFileProperty" skipped, due to false condition; (('$(BuildingInsideVisualStudio)' == 'true') and ('$(BuildingOutOfProcess)' != 'true') and (('$(BuildingProject)' == 'false') or ('$(UseHostCompilerIfAvailable)' == 'true'))) was evaluated as (('' == 'true') and ('' != 'true') and (('true' == 'false') or ('true' == 'true'))).
Target "ResolveCodeAnalysisRuleSet" skipped, due to false condition; ('$(CodeAnalysisRuleSet)' != '') was evaluated as ('' != '').
Target "ShimReferencePathsWhenCommonTargetsDoesNotUnderstandReferenceAssemblies" skipped, due to false condition; ('@(ReferencePathWithRefAssemblies)' == '') was evaluated as ('d:\.net Project\Stock_Forgeeee\packages\Microsoft.CodeDom.Providers.DotNetCompilerPlatform.2.0.1\lib\net45\Microsoft.CodeDom.Providers.DotNetCompilerPlatform.dll;C:\Program Files (x86)\Reference Assemblies\Microsoft\Framework\.NETFramework\v4.7.2\Microsoft.CSharp.dll;C:\Program Files (x86)\Reference Assemblies\Microsoft\Framework\.NETFramework\v4.7.2\mscorlib.dll;...' == '').
Target "_BeforeVBCSCoreCompile" in file "C:\Program Files\Microsoft Visual Studio\2022\Community\MSBuild\Current\Bin\Roslyn\Microsoft.Managed.Core.targets" from project "d:\.net Project\Stock_Forgeeee\Stock_Forgeeee.csproj" (target "CoreCompile" depends on it):
Done building target "_BeforeVBCSCoreCompile" in project "Stock_Forgeeee.csproj".
Target "ShimReferencePathsWhenCommonTargetsDoesNotUnderstandReferenceAssemblies" skipped, due to false condition; ('@(ReferencePathWithRefAssemblies)' == '') was evaluated as ('d:\.net Project\Stock_Forgeeee\packages\Microsoft.CodeDom.Providers.DotNetCompilerPlatform.2.0.1\lib\net45\Microsoft.CodeDom.Providers.DotNetCompilerPlatform.dll;C:\Program Files (x86)\Reference Assemblies\Microsoft\Framework\.NETFramework\v4.7.2\Microsoft.CSharp.dll;C:\Program Files (x86)\Reference Assemblies\Microsoft\Framework\.NETFramework\v4.7.2\mscorlib.dll;...' == '').
Target "_ComputeSkipAnalyzers" in file "C:\Program Files\Microsoft Visual Studio\2022\Community\MSBuild\Current\Bin\Roslyn\Microsoft.Managed.Core.targets" from project "d:\.net Project\Stock_Forgeeee\Stock_Forgeeee.csproj" (target "CoreCompile" depends on it):
Task "ShowMessageForImplicitlySkipAnalyzers" skipped, due to false condition; ('$(_ImplicitlySkipAnalyzers)' == 'true') was evaluated as ('' == 'true').
Done building target "_ComputeSkipAnalyzers" in project "Stock_Forgeeee.csproj".
Target "_SetPathMapFromSourceRoots" skipped, due to false condition; ('$(DeterministicSourcePaths)' == 'true') was evaluated as ('' == 'true').
Target "CreateCompilerGeneratedFilesOutputPath" skipped, due to false condition; ('$(EmitCompilerGeneratedFiles)' == 'true' and !('$(DesignTimeBuild)' == 'true' OR '$(BuildingProject)' != 'true')) was evaluated as ('false' == 'true' and !('' == 'true' OR 'true' != 'true')).
Target "PreXsdCodeGen" in file "C:\Windows\Microsoft.NET\Framework\v4.0.30319\Microsoft.ServiceModel.targets" from project "d:\.net Project\Stock_Forgeeee\Stock_Forgeeee.csproj" (target "CoreCompile" depends on it):
Using "CallTarget" task from assembly "Microsoft.Build.Tasks.Core, Version=15.1.0.0, Culture=neutral, PublicKeyToken=b03f5f7f11d50a3a".
Task "CallTarget"
Target "CleanXsdCodeGen" in file "C:\Windows\Microsoft.NET\Framework\v4.0.30319\Microsoft.ServiceModel.targets" from project "d:\.net Project\Stock_Forgeeee\Stock_Forgeeee.csproj" (target "PreXsdCodeGen" depends on it):
Using "Delete" task from assembly "Microsoft.Build.Tasks.Core, Version=15.1.0.0, Culture=neutral, PublicKeyToken=b03f5f7f11d50a3a".
Task "Delete"
Done executing task "Delete".
Done building target "CleanXsdCodeGen" in project "Stock_Forgeeee.csproj".
Done executing task "CallTarget".
Done building target "PreXsdCodeGen" in project "Stock_Forgeeee.csproj".
Target "XsdCodeGen" skipped, due to false condition; ( '$(XsdCodeGenPreCondition)' == 'True' ) was evaluated as ( 'False' == 'True' ).
Target "CoreCompile" in file "C:\Program Files\Microsoft Visual Studio\2022\Community\MSBuild\Current\Bin\Roslyn\Microsoft.CSharp.Core.targets" from project "d:\.net Project\Stock_Forgeeee\Stock_Forgeeee.csproj" (target "Compile" depends on it):
Building target "CoreCompile" completely.
Input file "Default.aspx.cs" is newer than output file "obj\Debug\Stock_Forgeeee.dll".
Using "Csc" task from assembly "C:\Program Files\Microsoft Visual Studio\2022\Community\MSBuild\Current\Bin\Roslyn\Microsoft.Build.Tasks.CodeAnalysis.dll".
Task "Csc"
  C:\Program Files\Microsoft Visual Studio\2022\Community\MSBuild\Current\Bin\Roslyn\csc.exe /noconfig /nowarn:1701,1702 /fullpaths /nostdlib+ /errorreport:prompt /warn:4 /define:DEBUG;TRACE /highentropyva+ /reference:"d:\.net Project\Stock_Forgeeee\packages\Microsoft.CodeDom.Providers.DotNetCompilerPlatform.2.0.1\lib\net45\Microsoft.CodeDom.Providers.DotNetCompilerPlatform.dll" /reference:"C:\Program Files (x86)\Reference Assemblies\Microsoft\Framework\.NETFramework\v4.7.2\Microsoft.CSharp.dll" /reference:"C:\Program Files (x86)\Reference Assemblies\Microsoft\Framework\.NETFramework\v4.7.2\mscorlib.dll" /reference:"C:\Program Files (x86)\Reference Assemblies\Microsoft\Framework\.NETFramework\v4.7.2\System.ComponentModel.DataAnnotations.dll" /reference:"C:\Program Files (x86)\Reference Assemblies\Microsoft\Framework\.NETFramework\v4.7.2\System.Configuration.dll" /reference:"C:\Program Files (x86)\Reference Assemblies\Microsoft\Framework\.NETFramework\v4.7.2\System.Core.dll" /reference:"C:\Program Files (x86)\Reference Assemblies\Microsoft\Framework\.NETFramework\v4.7.2\System.Data.DataSetExtensions.dll" /reference:"C:\Program Files (x86)\Reference Assemblies\Microsoft\Framework\.NETFramework\v4.7.2\System.Data.dll" /reference:"C:\Program Files (x86)\Reference Assemblies\Microsoft\Framework\.NETFramework\v4.7.2\System.dll" /reference:"C:\Program Files (x86)\Reference Assemblies\Microsoft\Framework\.NETFramework\v4.7.2\System.Drawing.dll" /reference:"C:\Program Files (x86)\Reference Assemblies\Microsoft\Framework\.NETFramework\v4.7.2\System.EnterpriseServices.dll" /reference:"C:\Program Files (x86)\Reference Assemblies\Microsoft\Framework\.NETFramework\v4.7.2\System.Web.ApplicationServices.dll" /reference:"C:\Program Files (x86)\Reference Assemblies\Microsoft\Framework\.NETFramework\v4.7.2\System.Web.dll" /reference:"C:\Program Files (x86)\Reference Assemblies\Microsoft\Framework\.NETFramework\v4.7.2\System.Web.DynamicData.dll" /reference:"C:\Program Files (x86)\Reference Assemblies\Microsoft\Framework\.NETFramework\v4.7.2\System.Web.Entity.dll" /reference:"C:\Program Files (x86)\Reference Assemblies\Microsoft\Framework\.NETFramework\v4.7.2\System.Web.Extensions.dll" /reference:"C:\Program Files (x86)\Reference Assemblies\Microsoft\Framework\.NETFramework\v4.7.2\System.Web.Services.dll" /reference:"C:\Program Files (x86)\Reference Assemblies\Microsoft\Framework\.NETFramework\v4.7.2\System.Xml.dll" /reference:"C:\Program Files (x86)\Reference Assemblies\Microsoft\Framework\.NETFramework\v4.7.2\System.Xml.Linq.dll" /debug+ /debug:full /optimize- /out:obj\Debug\Stock_Forgeeee.dll /subsystemversion:6.00 /target:library /utf8output /langversion:7.3 Controls\Sidebar.ascx.cs Controls\Topbar.ascx.cs Controls\NotificationPanel.ascx.cs Controls\StatCard.ascx.cs Controls\Pagination.ascx.cs Default.aspx.cs Dashboard.aspx.cs Products\ProductList.aspx.cs Products\AddProduct.aspx.cs Products\ProductDetails.aspx.cs Products\EditProduct.aspx.cs Customers\AddCustomer.aspx.cs Customers\CustomerDetails.aspx.cs Customers\CustomerList.aspx.cs Customers\EditCustomer.aspx.cs Inventory\StockOverview.aspx.cs Inventory\StockAdjustment.aspx.cs Inventory\StockMovementHistory.aspx.cs Notifications\Notifications.aspx.cs Purchases\EditPurchaseOrder.aspx.cs Purchases\MyPurchase.aspx.cs Purchases\PurchaseOrderDetails.aspx.cs Purchases\ReceivePurchase.aspx.cs Reports\InventoryReport.aspx.cs Reports\PurchaseReport.aspx.cs Reports\ReportsDashboard.aspx.cs Reports\SalesReport.aspx.cs Reports\StockValuationReport.aspx.cs Sales\EditSale.aspx.cs Sales\NewSale.aspx.cs Sales\SaleDetails.aspx.cs Sales\SalesList.aspx.cs Settings\Settings.aspx.cs Suppliers\AddSupplier.aspx.cs Suppliers\EditSupplier.aspx.cs Suppliers\SupplierDetails.aspx.cs Suppliers\SupplierList.aspx.cs Users\AddUser.aspx.cs Users\EditUser.aspx.cs Users\RolesPermissions.aspx.cs Users\UserDetails.aspx.cs Users\UserManagement.aspx.cs Account\MyProfile.aspx.cs Landing.aspx.cs Login.aspx.cs Register.aspx.cs Help.aspx.cs Terms.aspx.cs Privacy.aspx.cs Account\Login.aspx.cs Account\Register.aspx.cs Account\ForgotPassword.aspx.cs Account\ResetPassword.aspx.cs Error\404.aspx.cs Error\500.aspx.cs Properties\AssemblyInfo.cs Site.Master.cs "obj\Debug\.NETFramework,Version=v4.7.2.AssemblyAttributes.cs"
  Microsoft (R) Visual C# Compiler version 4.14.0-3.26229.7 (2b68181e)
  Copyright (C) Microsoft Corporation. All rights reserved.
d:\.net Project\Stock_Forgeeee\Account\ForgotPassword.aspx.cs(12,17): error CS0103: The name 'pnlAlert' does not exist in the current context [d:\.net Project\Stock_Forgeeee\Stock_Forgeeee.csproj]
d:\.net Project\Stock_Forgeeee\Account\Register.aspx.cs(12,17): error CS0103: The name 'pnlAlert' does not exist in the current context [d:\.net Project\Stock_Forgeeee\Stock_Forgeeee.csproj]
d:\.net Project\Stock_Forgeeee\Account\Login.aspx.cs(12,17): error CS0103: The name 'pnlAlert' does not exist in the current context [d:\.net Project\Stock_Forgeeee\Stock_Forgeeee.csproj]
d:\.net Project\Stock_Forgeeee\Account\ResetPassword.aspx.cs(12,17): error CS0103: The name 'pnlAlert' does not exist in the current context [d:\.net Project\Stock_Forgeeee\Stock_Forgeeee.csproj]
d:\.net Project\Stock_Forgeeee\Account\ForgotPassword.aspx.cs(20,32): error CS0103: The name 'txtEmail' does not exist in the current context [d:\.net Project\Stock_Forgeeee\Stock_Forgeeee.csproj]
d:\.net Project\Stock_Forgeeee\Account\ForgotPassword.aspx.cs(22,17): error CS0103: The name 'pnlAlert' does not exist in the current context [d:\.net Project\Stock_Forgeeee\Stock_Forgeeee.csproj]
d:\.net Project\Stock_Forgeeee\Account\ForgotPassword.aspx.cs(23,17): error CS0103: The name 'pnlAlert' does not exist in the current context [d:\.net Project\Stock_Forgeeee\Stock_Forgeeee.csproj]
d:\.net Project\Stock_Forgeeee\Account\ForgotPassword.aspx.cs(24,17): error CS0103: The name 'lblAlertMessage' does not exist in the current context [d:\.net Project\Stock_Forgeeee\Stock_Forgeeee.csproj]
d:\.net Project\Stock_Forgeeee\Account\ForgotPassword.aspx.cs(26,17): error CS0103: The name 'txtEmail' does not exist in the current context [d:\.net Project\Stock_Forgeeee\Stock_Forgeeee.csproj]
d:\.net Project\Stock_Forgeeee\Account\ResetPassword.aspx.cs(20,17): error CS0103: The name 'pnlAlert' does not exist in the current context [d:\.net Project\Stock_Forgeeee\Stock_Forgeeee.csproj]
d:\.net Project\Stock_Forgeeee\Account\ResetPassword.aspx.cs(21,17): error CS0103: The name 'pnlAlert' does not exist in the current context [d:\.net Project\Stock_Forgeeee\Stock_Forgeeee.csproj]
d:\.net Project\Stock_Forgeeee\Account\ResetPassword.aspx.cs(22,17): error CS0103: The name 'lblAlertMessage' does not exist in the current context [d:\.net Project\Stock_Forgeeee\Stock_Forgeeee.csproj]
d:\.net Project\Stock_Forgeeee\Account\Register.aspx.cs(18,18): error CS0103: The name 'chkTerms' does not exist in the current context [d:\.net Project\Stock_Forgeeee\Stock_Forgeeee.csproj]
d:\.net Project\Stock_Forgeeee\Account\Register.aspx.cs(20,17): error CS0103: The name 'pnlAlert' does not exist in the current context [d:\.net Project\Stock_Forgeeee\Stock_Forgeeee.csproj]
d:\.net Project\Stock_Forgeeee\Account\Register.aspx.cs(21,17): error CS0103: The name 'pnlAlert' does not exist in the current context [d:\.net Project\Stock_Forgeeee\Stock_Forgeeee.csproj]
d:\.net Project\Stock_Forgeeee\Account\Register.aspx.cs(22,17): error CS0103: The name 'lblAlertMessage' does not exist in the current context [d:\.net Project\Stock_Forgeeee\Stock_Forgeeee.csproj]
d:\.net Project\Stock_Forgeeee\Account\Register.aspx.cs(28,36): error CS0103: The name 'txtStoreName' does not exist in the current context [d:\.net Project\Stock_Forgeeee\Stock_Forgeeee.csproj]
d:\.net Project\Stock_Forgeeee\Account\Register.aspx.cs(29,35): error CS0103: The name 'txtFullName' does not exist in the current context [d:\.net Project\Stock_Forgeeee\Stock_Forgeeee.csproj]
d:\.net Project\Stock_Forgeeee\Account\Register.aspx.cs(30,32): error CS0103: The name 'txtEmail' does not exist in the current context [d:\.net Project\Stock_Forgeeee\Stock_Forgeeee.csproj]
d:\.net Project\Stock_Forgeeee\Account\Register.aspx.cs(38,17): error CS0103: The name 'pnlAlert' does not exist in the current context [d:\.net Project\Stock_Forgeeee\Stock_Forgeeee.csproj]
d:\.net Project\Stock_Forgeeee\Account\Register.aspx.cs(39,17): error CS0103: The name 'pnlAlert' does not exist in the current context [d:\.net Project\Stock_Forgeeee\Stock_Forgeeee.csproj]
d:\.net Project\Stock_Forgeeee\Account\Register.aspx.cs(40,17): error CS0103: The name 'lblAlertMessage' does not exist in the current context [d:\.net Project\Stock_Forgeeee\Stock_Forgeeee.csproj]
d:\.net Project\Stock_Forgeeee\Account\Login.aspx.cs(20,32): error CS0103: The name 'txtEmail' does not exist in the current context [d:\.net Project\Stock_Forgeeee\Stock_Forgeeee.csproj]
d:\.net Project\Stock_Forgeeee\Account\Login.aspx.cs(21,35): error CS0103: The name 'txtPassword' does not exist in the current context [d:\.net Project\Stock_Forgeeee\Stock_Forgeeee.csproj]
d:\.net Project\Stock_Forgeeee\Account\Login.aspx.cs(34,21): error CS0103: The name 'pnlAlert' does not exist in the current context [d:\.net Project\Stock_Forgeeee\Stock_Forgeeee.csproj]
d:\.net Project\Stock_Forgeeee\Account\Login.aspx.cs(35,21): error CS0103: The name 'lblAlertMessage' does not exist in the current context [d:\.net Project\Stock_Forgeeee\Stock_Forgeeee.csproj]
d:\.net Project\Stock_Forgeeee\Account\Login.aspx.cs(42,13): error CS0103: The name 'txtEmail' does not exist in the current context [d:\.net Project\Stock_Forgeeee\Stock_Forgeeee.csproj]
d:\.net Project\Stock_Forgeeee\Account\Login.aspx.cs(43,13): error CS0103: The name 'txtPassword' does not exist in the current context [d:\.net Project\Stock_Forgeeee\Stock_Forgeeee.csproj]
d:\.net Project\Stock_Forgeeee\Account\Login.aspx.cs(54,13): error CS0103: The name 'txtEmail' does not exist in the current context [d:\.net Project\Stock_Forgeeee\Stock_Forgeeee.csproj]
d:\.net Project\Stock_Forgeeee\Account\Login.aspx.cs(55,13): error CS0103: The name 'txtPassword' does not exist in the current context [d:\.net Project\Stock_Forgeeee\Stock_Forgeeee.csproj]
d:\.net Project\Stock_Forgeeee\Account\Login.aspx.cs(66,13): error CS0103: The name 'txtEmail' does not exist in the current context [d:\.net Project\Stock_Forgeeee\Stock_Forgeeee.csproj]
d:\.net Project\Stock_Forgeeee\Account\Login.aspx.cs(67,13): error CS0103: The name 'txtPassword' does not exist in the current context [d:\.net Project\Stock_Forgeeee\Stock_Forgeeee.csproj]
  CompilerServer: server - server processed compilation - Stock_Forgeeee
Done executing task "Csc" -- FAILED.
Done building target "CoreCompile" in project "Stock_Forgeeee.csproj" -- FAILED.
Target "_CheckForCompileOutputs" in file "C:\Program Files\Microsoft Visual Studio\2022\Community\MSBuild\Current\Bin\Microsoft.Common.CurrentVersion.targets" from project "d:\.net Project\Stock_Forgeeee\Stock_Forgeeee.csproj" (target "_CleanGetCurrentAndPriorFileWrites" depends on it):
Done building target "_CheckForCompileOutputs" in project "Stock_Forgeeee.csproj".
Target "_SGenCheckForOutputs" skipped, due to false condition; ('$(_SGenGenerateSerializationAssembliesConfig)' == 'On' or ('@(WebReferenceUrl)'!='' and '$(_SGenGenerateSerializationAssembliesConfig)' == 'Auto')) was evaluated as ('Off' == 'On' or (''!='' and 'Off' == 'Auto')).
Target "_CleanGetCurrentAndPriorFileWrites" in file "C:\Program Files\Microsoft Visual Studio\2022\Community\MSBuild\Current\Bin\Microsoft.Common.CurrentVersion.targets" from project "d:\.net Project\Stock_Forgeeee\Stock_Forgeeee.csproj" (target "_CleanRecordFileWrites" depends on it):
Using "ReadLinesFromFile" task from assembly "Microsoft.Build.Tasks.Core, Version=15.1.0.0, Culture=neutral, PublicKeyToken=b03f5f7f11d50a3a".
Task "ReadLinesFromFile"
Done executing task "ReadLinesFromFile".
Using "ConvertToAbsolutePath" task from assembly "Microsoft.Build.Tasks.Core, Version=15.1.0.0, Culture=neutral, PublicKeyToken=b03f5f7f11d50a3a".
Task "ConvertToAbsolutePath"
Done executing task "ConvertToAbsolutePath".
Using "FindUnderPath" task from assembly "Microsoft.Build.Tasks.Core, Version=15.1.0.0, Culture=neutral, PublicKeyToken=b03f5f7f11d50a3a".
Task "FindUnderPath"
  Comparison path is "d:\.net Project\Stock_Forgeeee".
Done executing task "FindUnderPath".
Task "FindUnderPath"
  Comparison path is "bin\".
Done executing task "FindUnderPath".
Task "FindUnderPath"
  Comparison path is "obj\Debug\".
Done executing task "FindUnderPath".
Using "RemoveDuplicates" task from assembly "Microsoft.Build.Tasks.Core, Version=15.1.0.0, Culture=neutral, PublicKeyToken=b03f5f7f11d50a3a".
Task "RemoveDuplicates"
Done executing task "RemoveDuplicates".
Done building target "_CleanGetCurrentAndPriorFileWrites" in project "Stock_Forgeeee.csproj".
Target "_CleanRecordFileWrites" in file "C:\Program Files\Microsoft Visual Studio\2022\Community\MSBuild\Current\Bin\Microsoft.Common.CurrentVersion.targets" from project "d:\.net Project\Stock_Forgeeee\Stock_Forgeeee.csproj" (target "CoreBuild" depends on it):
Task "RemoveDuplicates"
Done executing task "RemoveDuplicates".
Task "MakeDir"
Done executing task "MakeDir".
Task "WriteLinesToFile"
  Skipping write to file "obj\Debug\Stock_Forgeeee.csproj.FileListAbsolute.txt" because content would not change.
Done executing task "WriteLinesToFile".
Done building target "_CleanRecordFileWrites" in project "Stock_Forgeeee.csproj".
Done Building Project "d:\.net Project\Stock_Forgeeee\Stock_Forgeeee.csproj" (Build target(s)) -- FAILED.


Build FAILED.

"d:\.net Project\Stock_Forgeeee\Stock_Forgeeee.csproj" (Build target) (1) ->
(CoreCompile target) -> 
  d:\.net Project\Stock_Forgeeee\Account\ForgotPassword.aspx.cs(12,17): error CS0103: The name 'pnlAlert' does not exist in the current context [d:\.net Project\Stock_Forgeeee\Stock_Forgeeee.csproj]
  d:\.net Project\Stock_Forgeeee\Account\Register.aspx.cs(12,17): error CS0103: The name 'pnlAlert' does not exist in the current context [d:\.net Project\Stock_Forgeeee\Stock_Forgeeee.csproj]
  d:\.net Project\Stock_Forgeeee\Account\Login.aspx.cs(12,17): error CS0103: The name 'pnlAlert' does not exist in the current context [d:\.net Project\Stock_Forgeeee\Stock_Forgeeee.csproj]
  d:\.net Project\Stock_Forgeeee\Account\ResetPassword.aspx.cs(12,17): error CS0103: The name 'pnlAlert' does not exist in the current context [d:\.net Project\Stock_Forgeeee\Stock_Forgeeee.csproj]
  d:\.net Project\Stock_Forgeeee\Account\ForgotPassword.aspx.cs(20,32): error CS0103: The name 'txtEmail' does not exist in the current context [d:\.net Project\Stock_Forgeeee\Stock_Forgeeee.csproj]
  d:\.net Project\Stock_Forgeeee\Account\ForgotPassword.aspx.cs(22,17): error CS0103: The name 'pnlAlert' does not exist in the current context [d:\.net Project\Stock_Forgeeee\Stock_Forgeeee.csproj]
  d:\.net Project\Stock_Forgeeee\Account\ForgotPassword.aspx.cs(23,17): error CS0103: The name 'pnlAlert' does not exist in the current context [d:\.net Project\Stock_Forgeeee\Stock_Forgeeee.csproj]
  d:\.net Project\Stock_Forgeeee\Account\ForgotPassword.aspx.cs(24,17): error CS0103: The name 'lblAlertMessage' does not exist in the current context [d:\.net Project\Stock_Forgeeee\Stock_Forgeeee.csproj]
  d:\.net Project\Stock_Forgeeee\Account\ForgotPassword.aspx.cs(26,17): error CS0103: The name 'txtEmail' does not exist in the current context [d:\.net Project\Stock_Forgeeee\Stock_Forgeeee.csproj]
  d:\.net Project\Stock_Forgeeee\Account\ResetPassword.aspx.cs(20,17): error CS0103: The name 'pnlAlert' does not exist in the current context [d:\.net Project\Stock_Forgeeee\Stock_Forgeeee.csproj]
  d:\.net Project\Stock_Forgeeee\Account\ResetPassword.aspx.cs(21,17): error CS0103: The name 'pnlAlert' does not exist in the current context [d:\.net Project\Stock_Forgeeee\Stock_Forgeeee.csproj]
  d:\.net Project\Stock_Forgeeee\Account\ResetPassword.aspx.cs(22,17): error CS0103: The name 'lblAlertMessage' does not exist in the current context [d:\.net Project\Stock_Forgeeee\Stock_Forgeeee.csproj]
  d:\.net Project\Stock_Forgeeee\Account\Register.aspx.cs(18,18): error CS0103: The name 'chkTerms' does not exist in the current context [d:\.net Project\Stock_Forgeeee\Stock_Forgeeee.csproj]
  d:\.net Project\Stock_Forgeeee\Account\Register.aspx.cs(20,17): error CS0103: The name 'pnlAlert' does not exist in the current context [d:\.net Project\Stock_Forgeeee\Stock_Forgeeee.csproj]
  d:\.net Project\Stock_Forgeeee\Account\Register.aspx.cs(21,17): error CS0103: The name 'pnlAlert' does not exist in the current context [d:\.net Project\Stock_Forgeeee\Stock_Forgeeee.csproj]
  d:\.net Project\Stock_Forgeeee\Account\Register.aspx.cs(22,17): error CS0103: The name 'lblAlertMessage' does not exist in the current context [d:\.net Project\Stock_Forgeeee\Stock_Forgeeee.csproj]
  d:\.net Project\Stock_Forgeeee\Account\Register.aspx.cs(28,36): error CS0103: The name 'txtStoreName' does not exist in the current context [d:\.net Project\Stock_Forgeeee\Stock_Forgeeee.csproj]
  d:\.net Project\Stock_Forgeeee\Account\Register.aspx.cs(29,35): error CS0103: The name 'txtFullName' does not exist in the current context [d:\.net Project\Stock_Forgeeee\Stock_Forgeeee.csproj]
  d:\.net Project\Stock_Forgeeee\Account\Register.aspx.cs(30,32): error CS0103: The name 'txtEmail' does not exist in the current context [d:\.net Project\Stock_Forgeeee\Stock_Forgeeee.csproj]
  d:\.net Project\Stock_Forgeeee\Account\Register.aspx.cs(38,17): error CS0103: The name 'pnlAlert' does not exist in the current context [d:\.net Project\Stock_Forgeeee\Stock_Forgeeee.csproj]
  d:\.net Project\Stock_Forgeeee\Account\Register.aspx.cs(39,17): error CS0103: The name 'pnlAlert' does not exist in the current context [d:\.net Project\Stock_Forgeeee\Stock_Forgeeee.csproj]
  d:\.net Project\Stock_Forgeeee\Account\Register.aspx.cs(40,17): error CS0103: The name 'lblAlertMessage' does not exist in the current context [d:\.net Project\Stock_Forgeeee\Stock_Forgeeee.csproj]
  d:\.net Project\Stock_Forgeeee\Account\Login.aspx.cs(20,32): error CS0103: The name 'txtEmail' does not exist in the current context [d:\.net Project\Stock_Forgeeee\Stock_Forgeeee.csproj]
  d:\.net Project\Stock_Forgeeee\Account\Login.aspx.cs(21,35): error CS0103: The name 'txtPassword' does not exist in the current context [d:\.net Project\Stock_Forgeeee\Stock_Forgeeee.csproj]
  d:\.net Project\Stock_Forgeeee\Account\Login.aspx.cs(34,21): error CS0103: The name 'pnlAlert' does not exist in the current context [d:\.net Project\Stock_Forgeeee\Stock_Forgeeee.csproj]
  d:\.net Project\Stock_Forgeeee\Account\Login.aspx.cs(35,21): error CS0103: The name 'lblAlertMessage' does not exist in the current context [d:\.net Project\Stock_Forgeeee\Stock_Forgeeee.csproj]
  d:\.net Project\Stock_Forgeeee\Account\Login.aspx.cs(42,13): error CS0103: The name 'txtEmail' does not exist in the current context [d:\.net Project\Stock_Forgeeee\Stock_Forgeeee.csproj]
  d:\.net Project\Stock_Forgeeee\Account\Login.aspx.cs(43,13): error CS0103: The name 'txtPassword' does not exist in the current context [d:\.net Project\Stock_Forgeeee\Stock_Forgeeee.csproj]
  d:\.net Project\Stock_Forgeeee\Account\Login.aspx.cs(54,13): error CS0103: The name 'txtEmail' does not exist in the current context [d:\.net Project\Stock_Forgeeee\Stock_Forgeeee.csproj]
  d:\.net Project\Stock_Forgeeee\Account\Login.aspx.cs(55,13): error CS0103: The name 'txtPassword' does not exist in the current context [d:\.net Project\Stock_Forgeeee\Stock_Forgeeee.csproj]
  d:\.net Project\Stock_Forgeeee\Account\Login.aspx.cs(66,13): error CS0103: The name 'txtEmail' does not exist in the current context [d:\.net Project\Stock_Forgeeee\Stock_Forgeeee.csproj]
  d:\.net Project\Stock_Forgeeee\Account\Login.aspx.cs(67,13): error CS0103: The name 'txtPassword' does not exist in the current context [d:\.net Project\Stock_Forgeeee\Stock_Forgeeee.csproj]

    0 Warning(s)
    32 Error(s)

Time Elapsed 00:00:00.34
